IsKnown,Top1_prob
Known,0.9996922
Known,0.99999976
Known,0.96918285
Known,0.83916837
Known,0.94124794
Known,0.81437254
Known,0.9592024
Known,0.91404694
Known,0.8233216
Known,0.99597013
Known,0.99896395
Known,0.7774524
Known,0.9673223
Known,0.76718265
Known,0.99977297
Known,0.99947613
Known,0.9700438
Known,0.61436814
Known,0.9540615
Known,0.99577135
Known,0.47939906
Known,0.9664057
Known,0.75674677
Known,0.9998779
Known,0.86742634
Known,0.9815657
Known,0.98811895
Known,0.99405044
Known,0.99999523
Known,0.99999964
Known,0.81705993
Known,0.93479854
Known,0.77463704
Known,0.56534606
Known,0.9987375
Known,0.9747318
Known,0.80669814
Known,0.78504777
Known,0.9654551
Known,0.62564963
Known,0.61021817
Known,0.8180292
Known,0.99997187
Known,0.9997292
Known,0.63902324
Known,0.99978906
Known,0.8560117
Known,0.54386586
Known,0.95033616
Known,0.5572588
Known,0.36050186
Known,0.9995484
Known,0.9999566
Known,0.9968526
Known,0.9875064
Known,0.23001736
Known,0.93163633
Known,0.61249185
Known,0.9909662
Known,0.59669167
Known,0.484629
Known,0.9989784
Known,0.99999666
Known,1.0
Known,0.9999995
Known,0.99999917
Known,0.9999993
Known,0.6492887
Known,0.9999999
Known,0.96366906
Known,0.99997234
Known,0.99998
Known,0.99988294
Known,0.999292
Known,0.9999999
Known,0.99266785
Known,0.99885786
Known,0.9460476
Known,0.99999404
Known,0.999998
Known,0.99992526
Known,1.0
Known,1.0
Known,1.0
Known,0.99999976
Known,0.9985838
Known,0.9999999
Known,1.0
Known,0.99999964
Known,1.0
Known,0.99995244
Known,0.9999988
Known,1.0
Known,0.99997723
Known,0.99995494
Known,0.9999993
Known,0.99000657
Known,1.0
Known,0.9999788
Known,0.99999976
Known,1.0
Known,0.99999976
Known,0.9999838
Known,0.99998367
Known,0.970779
Known,0.99994636
Known,0.9998431
Known,0.99999535
Known,1.0
Known,0.99690384
Known,0.9999995
Known,1.0
Known,0.9999825
Known,0.5048802
Known,1.0
Known,1.0
Known,1.0
Known,1.0
Known,1.0
Known,1.0
Known,1.0
Known,1.0
Known,1.0
Known,0.9997718
Known,0.99999905
Known,0.9984646
Known,0.9999987
Known,0.9841212
Known,0.99823785
Known,1.0
Known,0.9980406
Known,0.998237
Known,0.9999987
Known,1.0
Known,0.9850445
Known,0.99998903
Known,0.9665383
Known,0.9999945
Known,0.91127086
Known,0.9778817
Known,0.9997112
Known,0.83802754
Known,1.0
Known,0.99999845
Known,0.99220604
Known,0.99993193
Known,1.0
Known,0.99999225
Known,0.99999464
Known,1.0
Known,1.0
Known,1.0
Known,0.9999856
Known,0.99999905
Known,0.874408
Known,0.6307936
Known,0.83048487
Known,1.0
Known,1.0
Known,1.0
Known,1.0
Known,1.0
Known,1.0
Known,1.0
Known,1.0
Known,1.0
Known,1.0
Known,1.0
Known,1.0
Known,1.0
Known,1.0
Known,1.0
Known,1.0
Known,1.0
Known,1.0
Known,1.0
Known,1.0
Known,1.0
Known,1.0
Known,1.0
Known,1.0
Known,1.0
Known,1.0
Known,1.0
Known,1.0
Known,1.0
Known,1.0
Known,1.0
Known,1.0
Known,1.0
Known,1.0
Known,1.0
Known,1.0
Known,1.0
Known,1.0
Known,1.0
Known,1.0
Known,1.0
Known,1.0
Known,1.0
Known,1.0
Known,1.0
Known,1.0
Known,1.0
Known,1.0
Known,1.0
Known,1.0
Known,1.0
Known,1.0
Known,1.0
Known,1.0
Known,1.0
Known,1.0
Known,1.0
Known,1.0
Known,1.0
Known,1.0
Known,1.0
Known,1.0
Known,1.0
Known,1.0
Known,1.0
Known,1.0
Known,1.0
Known,1.0
Known,0.9910506
Known,0.99964154
Known,0.9339731
Known,0.99765885
Known,0.9953441
Known,0.9775857
Known,0.998106
Known,0.5610017
Known,0.99951947
Known,0.65018314
Known,0.99967754
Known,0.9997789
Known,0.7032656
Known,0.78365594
Known,0.99997985
Known,0.89759165
Known,0.82059175
Known,1.0
Known,0.98703206
Known,0.48032543
Known,0.45775023
Known,0.9997471
Known,0.88645643
Known,0.5960768
Known,1.0
Known,0.99978703
Known,0.6669396
Known,0.99846786
Known,0.57693326
Known,0.58053994
Known,0.9941136
Known,0.99151117
Known,0.99981624
Known,0.97722584
Known,0.9999975
Known,0.98487204
Known,0.99886394
Known,0.9999931
Known,0.99999905
Known,0.9899012
Known,0.98777187
Known,0.9225547
Known,1.0
Known,0.9083455
Known,0.9988612
Known,0.993214
Known,0.9758935
Known,0.9995146
Known,0.9999821
Known,0.99917454
Known,0.9998944
Known,0.95776916
Known,0.790891
Known,0.5974644
Known,0.6486481
Known,0.8247619
Known,0.95239073
Known,0.52631736
Known,0.94301033
Known,0.99867237
Known,0.49631694
Known,0.53503096
Known,0.4877789
Known,0.99998856
Known,0.72951496
Known,0.8621796
Known,0.85330963
Known,1.0
Known,0.94439983
Known,0.9999999
Known,0.9999975
Known,1.0
Known,1.0
Known,1.0
Known,1.0
Known,1.0
Known,1.0
Known,1.0
Known,1.0
Known,1.0
Known,1.0
Known,1.0
Known,0.9999969
Known,0.9775189
Known,1.0
Known,0.9040134
Known,1.0
Known,1.0
Known,1.0
Known,1.0
Known,1.0
Known,1.0
Known,1.0
Known,0.9986395
Known,1.0
Known,1.0
Known,1.0
Known,1.0
Known,1.0
Known,0.9999887
Known,0.99996054
Known,1.0
Known,0.9999999
Known,1.0
Known,1.0
Known,0.99999833
Known,1.0
Known,1.0
Known,1.0
Known,1.0
Known,0.9998247
Known,0.9982351
Known,1.0
Known,0.9999999
Known,0.98066735
Known,1.0
Known,0.999997
Known,0.9992342
Known,0.9834442
Known,0.99999857
Known,0.9999989
Known,0.99999976
Known,0.99999964
Known,1.0
Known,0.999042
Known,0.9999943
Known,0.99998784
Known,0.9092749
Known,0.99999344
Known,0.9996718
Known,0.999912
Known,1.0
Known,0.7139336
Known,1.0
Known,0.8958239
Known,0.99971896
Known,0.9999982
Known,0.9989427
Known,0.99780005
Known,0.9999664
Known,0.9273968
Known,0.97294384
Known,0.9961869
Known,0.46139178
Known,0.9868885
Known,0.6038072
Known,0.9980192
Known,0.98984164
Known,0.79951197
Known,0.8584721
Known,0.9994375
Known,0.8508232
Known,0.8360736
Known,0.9916957
Known,0.9913168
Known,0.9999858
Known,0.99940526
Known,0.5802625
Known,0.99994576
Known,1.0
Known,0.70960426
Known,0.99875426
Known,0.5801375
Known,0.99964666
Known,0.98865336
Known,1.0
Known,0.9957302
Known,1.0
Known,0.9999981
Known,0.9996774
Known,0.9375067
Known,0.85326016
Known,0.96302056
Known,0.9929127
Known,0.99996483
Known,0.9973398
Known,0.9999994
Known,0.9992772
Known,0.8702781
Known,0.9972465
Known,0.9866476
Known,0.7663014
Known,0.9724699
Known,0.9998085
Known,0.999848
Known,0.9999999
Known,0.9606
Known,0.9911062
Known,0.9998659
Known,0.9571699
Known,0.9948107
Known,0.8857357
Known,0.998792
Known,0.99015945
Known,0.9997204
Known,0.77804685
Known,0.9994567
Known,0.9990897
Known,0.97834784
Known,0.9315725
Known,0.9774161
Known,1.0
Known,0.9930234
Known,0.9965042
Known,0.9858949
Known,0.92648464
Known,0.9665187
Known,0.99970263
Known,1.0
Known,0.99999857
Known,0.9997198
Known,0.99999917
Known,1.0
Known,0.6274874
Known,0.98520494
Known,0.95978487
Known,1.0
Known,1.0
Known,0.9997187
Known,0.55464387
Known,0.9999931
Known,0.9999969
Known,0.9999889
Known,1.0
Known,0.99981195
Known,0.9999714
Known,0.84314024
Known,0.9842284
Known,0.9956102
Known,1.0
Known,1.0
Known,0.99544686
Known,0.8295651
Known,0.9999999
Known,0.9997118
Known,0.9996339
Known,0.9902838
Known,0.91251034
Known,0.99999976
Known,1.0
Known,0.9997396
Known,1.0
Known,0.8717374
Known,0.40950802
Known,0.99995184
Known,0.99999166
Known,0.99995863
Known,0.9999795
Known,1.0
Known,0.99999917
Known,0.9645107
Known,0.996828
Known,0.54260963
Known,0.6139556
Known,0.99999297
Known,0.23964679
Known,0.8412761
Known,0.9996111
Known,0.99810433
Known,0.8805533
Known,0.9981775
Known,0.9999654
Known,0.89951557
Known,0.9871502
Known,0.99999714
Known,0.9987863
Known,0.8664982
Known,0.9999999
Known,0.9999361
Known,0.9966583
Known,1.0
Known,0.99994075
Known,1.0
Known,0.9844289
Known,0.7715794
Known,0.97168106
Known,0.9570686
Known,0.9943283
Known,0.98835295
Known,0.9999999
Known,0.90593946
Known,0.50065976
Known,0.6904508
Known,0.99999976
Known,0.8304266
Known,0.83755976
Known,0.9985232
Known,0.994852
Known,0.9999995
Known,0.5957947
Known,0.999137
Known,1.0
Known,0.7908141
Known,0.9999714
Known,0.9999993
Known,0.9704359
Known,0.8944906
Known,0.9999478
Known,0.6564667
Known,0.9958022
Known,0.8554275
Known,0.9110891
Known,0.8803125
Known,0.95795536
Known,0.97638696
Known,0.9999726
Known,0.9999063
Known,1.0
Known,0.9928686
Known,0.47847706
Known,0.99999976
Known,0.9999945
Known,0.9999994
Known,1.0
Known,1.0
Known,0.9999981
Known,1.0
Known,1.0
Known,1.0
Known,1.0
Known,0.9999999
Known,1.0
Known,1.0
Known,1.0
Known,1.0
Known,1.0
Known,1.0
Known,1.0
Known,1.0
Known,0.99999976
Known,1.0
Known,1.0
Known,1.0
Known,1.0
Known,1.0
Known,1.0
Known,1.0
Known,0.99999976
Known,1.0
Known,1.0
Known,1.0
Known,1.0
Known,1.0
Known,1.0
Known,1.0
Known,0.9999999
Known,1.0
Known,1.0
Known,0.99999964
Known,1.0
Known,1.0
Known,1.0
Known,1.0
Known,1.0
Known,1.0
Known,1.0
Known,1.0
Known,1.0
Known,1.0
Known,1.0
Known,1.0
Known,1.0
Known,1.0
Known,1.0
Known,1.0
Known,1.0
Known,1.0
Known,1.0
Known,1.0
Known,1.0
Known,1.0
Known,1.0
Known,1.0
Known,1.0
Known,1.0
Known,1.0
Known,1.0
Known,1.0
Known,1.0
Known,0.9999999
Known,1.0
Known,0.9999999
Known,1.0
Known,1.0
Known,1.0
Known,1.0
Known,1.0
Known,1.0
Known,1.0
Known,1.0
Known,1.0
Known,1.0
Known,1.0
Known,1.0
Known,1.0
Known,1.0
Known,1.0
Known,0.8144064
Known,0.82064676
Known,0.99509406
Known,0.9999932
Known,0.51649964
Known,0.99999964
Known,0.5996075
Known,0.8832964
Known,0.9961901
Known,0.87737346
Known,0.9937133
Known,0.99995005
Known,0.99885106
Known,0.90875083
Known,0.5293815
Known,0.52699435
Known,0.76145136
Known,0.9989262
Known,0.70763206
Known,0.99999976
Known,0.8550479
Known,0.9998957
Known,0.9882714
Known,0.41786864
Known,0.9997516
Known,0.9999696
Known,0.8786307
Known,0.9988951
Known,0.9895935
Known,0.99986386
Known,0.93335664
Known,0.9999684
Known,0.8361439
Known,0.6275894
Known,0.9910171
Known,0.86544824
Known,0.9999896
Known,0.7957173
Known,0.85862
Known,0.9994729
Known,0.9258928
Known,0.90649974
Known,0.9999567
Known,0.99989665
Known,0.99994564
Known,0.9932642
Known,0.9999974
Known,0.85072994
Known,0.99934465
Known,0.9833265
Known,0.9998727
Known,1.0
Known,0.99999976
Known,1.0
Known,0.9999962
Known,1.0
Known,1.0
Known,0.9998791
Known,0.99999106
Known,0.99999547
Known,1.0
Known,1.0
Known,1.0
Known,1.0
Known,0.56846863
Known,1.0
Known,0.99800545
Known,1.0
Known,0.9999987
Known,0.99978787
Known,0.9999999
Known,1.0
Known,0.99999905
Known,0.99997044
Known,0.8638455
Known,0.6868624
Known,1.0
Known,0.9786659
Known,1.0
Known,0.9999993
Known,1.0
Known,1.0
Known,0.99998295
Known,0.9999999
Known,0.99998486
Known,1.0
Known,0.9976204
Known,0.964357
Known,0.94574606
Known,0.9999964
Known,0.9943521
Known,0.94334716
Known,0.99991083
Known,0.7442614
Known,0.9999995
Known,0.9999907
Known,1.0
Known,0.9993356
Known,0.5420797
Known,0.99061614
Known,0.97704655
Known,0.8639674
Known,0.7204832
Known,0.99934846
Known,0.8272327
Known,0.51965857
Known,0.52592397
Known,0.9380056
Known,0.7020115
Known,0.79702944
Known,0.98675764
Known,0.9999995
Known,0.99997973
Known,0.99915826
Known,1.0
Known,0.9999995
Known,0.9999995
Known,0.999998
Known,0.9999168
Known,0.9999958
Known,0.5978339
Known,0.996506
Known,0.5456791
Known,0.9583664
Known,0.93712837
Known,0.9977361
Known,0.9955551
Known,0.99928087
Known,0.7377535
Known,0.8414304
Known,0.9988279
Known,0.83009493
Known,0.9702162
Known,0.99510854
Known,0.5450371
Known,0.99884415
Known,0.55154663
Known,0.61792237
Known,0.82481444
Known,0.89495456
Known,0.71450585
Known,0.98994935
Known,0.9607894
Known,0.97453576
Known,0.86941516
Known,0.9839168
Known,0.98054206
Known,0.9201629
Known,0.9999949
Known,0.9756595
Known,0.9998116
Known,0.9999988
Known,0.9943456
Known,0.999997
Known,1.0
Known,1.0
Known,0.99961925
Known,0.8848106
Known,0.871995
Known,0.99997056
Known,0.97774976
Known,0.999998
Known,0.99759185
Known,0.46233916
Known,0.99999976
Known,0.9994165
Known,1.0
Known,1.0
Known,0.9999895
Known,0.99999976
Known,0.611618
Known,0.57125026
Known,0.84878385
Known,0.99532855
Known,0.5165144
Known,0.9995869
Known,0.9969103
Known,0.9502354
Known,0.75750697
Known,0.7758635
Known,0.89753145
Known,0.602487
Known,0.47203448
Known,0.8447631
Known,0.47516513
Known,0.9984831
Known,1.0
Known,0.9991722
Known,0.4830832
Known,1.0
Known,1.0
Known,1.0
Known,1.0
Known,0.9999994
Known,1.0
Known,1.0
Known,0.99999976
Known,1.0
Known,1.0
Known,0.9701561
Known,0.9999938
Known,0.99948174
Known,1.0
Known,0.99753344
Known,0.91607994
Known,0.9999994
Known,0.7802522
Known,0.99999297
Known,0.9999597
Known,0.99957865
Known,0.99999857
Known,0.9980526
Known,0.9999995
Known,0.99999094
Known,0.877657
Known,0.8622972
Known,0.9994735
Known,0.9999933
Known,1.0
Known,0.99999666
Known,0.9999999
Known,1.0
Known,1.0
Known,1.0
Known,1.0
Known,0.9999989
Known,1.0
Known,0.9999976
Known,0.99997807
Known,0.99999976
Known,1.0
Known,1.0
Known,0.99999976
Known,1.0
Known,0.9982951
Known,1.0
Known,0.99998415
Known,0.99999976
Known,1.0
Known,1.0
Known,0.5313509
Known,0.9997886
Known,0.99999547
Known,0.99999964
Known,1.0
Known,1.0
Known,0.9999999
Known,1.0
Known,0.99994814
Known,0.9437708
Known,0.9999999
Known,1.0
Known,0.9998317
Known,1.0
Known,0.9999999
Known,1.0
Known,1.0
Known,0.9985594
Known,1.0
Known,1.0
Known,1.0
Known,1.0
Known,1.0
Known,1.0
Known,0.99983215
Known,1.0
Known,0.99999917
Known,1.0
Known,1.0
Known,0.99999905
Known,0.99999976
Known,1.0
Known,0.99999225
Known,0.99999845
Known,1.0
Known,0.5504975
Known,0.7299754
Known,0.99960846
Known,0.80131763
Known,0.8502335
Known,0.9897133
Known,1.0
Known,1.0
Known,0.99999976
Known,0.9999987
Known,1.0
Known,0.9999999
Known,1.0
Known,1.0
Known,1.0
Known,1.0
Known,0.9999981
Known,0.9999813
Known,0.9999999
Known,1.0
Known,1.0
Known,0.9999999
Known,0.99999464
Known,1.0
Known,0.99933845
Known,0.998089
Known,0.9981664
Known,0.9999964
Known,0.99999964
Known,0.99999917
Known,0.9992101
Known,1.0
Known,1.0
Known,1.0
Known,1.0
Known,1.0
Known,1.0
Known,1.0
Known,1.0
Known,1.0
Known,0.9999995
Known,1.0
Known,1.0
Known,0.9999969
Known,1.0
Known,1.0
Known,1.0
Known,1.0
Known,0.99999595
Known,0.84944284
Known,0.9999999
Known,0.99999297
Known,0.99999964
Known,1.0
Known,1.0
Known,1.0
Known,0.9999999
Known,1.0
Known,0.99998045
Known,0.99992085
Known,0.9623404
Known,1.0
Known,0.9999993
Known,1.0
Known,0.9999653
Known,0.9767824
Known,1.0
Known,0.99999833
Known,0.99999976
Known,0.9999989
Known,0.99999964
Known,1.0
Known,1.0
Known,0.9999999
Known,1.0
Known,0.999997
Known,0.69253695
Known,0.9997943
Known,0.9073659
Known,0.99936956
Known,0.9986908
Known,0.999728
Known,0.9998166
Known,0.9999596
Known,0.9985221
Known,0.99993026
Known,0.99958056
Known,0.9962043
Known,0.9999001
Known,0.999561
Known,0.99979776
Known,0.9983589
Known,0.58965
Known,1.0
Known,1.0
Known,0.99999547
Known,0.99998236
Known,0.99999976
Known,1.0
Known,0.9999995
Known,0.9999989
Known,1.0
Known,1.0
Known,0.999801
Known,0.9999939
Known,1.0
Known,0.99999905
Known,1.0
Known,1.0
Known,1.0
Known,1.0
Known,0.9999999
Known,1.0
Known,0.9999995
Known,1.0
Known,1.0
Known,1.0
Known,0.9999988
Known,1.0
Known,1.0
Known,0.9999982
Known,1.0
Known,1.0
Known,1.0
Known,1.0
Known,0.9999999
Known,1.0
Known,1.0
Known,1.0
Known,1.0
Known,1.0
Known,1.0
Known,1.0
Known,1.0
Known,1.0
Known,0.99922895
Known,1.0
Known,1.0
Known,1.0
Known,1.0
Known,1.0
Known,1.0
Known,1.0
Known,1.0
Known,1.0
Known,0.9997712
Known,0.9999517
Known,1.0
Known,0.99999356
Known,0.999997
Known,0.99998367
Known,1.0
Known,1.0
Known,1.0
Known,1.0
Known,0.9999894
Known,0.9889276
Known,0.7937977
Known,0.94231766
Known,0.9923322
Known,0.99996233
Known,0.84191656
Known,0.9994055
Known,0.5124017
Known,0.5786658
Known,0.9924987
Known,0.88690346
Known,0.994364
Known,0.9420846
Known,0.9998559
Known,0.9999989
Known,0.9999988
Known,0.99999976
Known,0.99999976
Known,1.0
Known,0.99999964
Known,1.0
Known,0.56860083
Known,0.71020025
Known,0.53149384
Known,0.99999654
Known,1.0
Known,1.0
Known,1.0
Known,1.0
Known,1.0
Known,1.0
Known,1.0
Known,1.0
Known,0.99997973
Known,1.0
Known,1.0
Known,0.9999999
Known,0.9965424
Known,1.0
Known,1.0
Known,1.0
Known,0.8803953
Known,1.0
Known,1.0
Known,1.0
Known,1.0
Known,1.0
Known,1.0
Known,1.0
Known,1.0
Known,0.9999999
Known,1.0
Known,1.0
Known,1.0
Known,1.0
Known,1.0
Known,1.0
Known,1.0
Known,1.0
Known,1.0
Known,1.0
Known,1.0
Known,0.9999981
Known,1.0
Known,1.0
Known,1.0
Known,1.0
Known,0.99754506
Known,1.0
Known,1.0
Known,1.0
Known,1.0
Known,1.0
Known,1.0
Known,1.0
Known,1.0
Known,1.0
Known,1.0
Known,1.0
Known,1.0
Known,1.0
Known,1.0
Known,1.0
Known,1.0
Known,1.0
Known,1.0
Known,1.0
Known,1.0
Known,1.0
Known,1.0
Known,1.0
Known,1.0
Known,1.0
Known,1.0
Known,1.0
Known,1.0
Known,1.0
Known,1.0
Known,1.0
Known,1.0
Known,1.0
Known,1.0
Known,1.0
Known,1.0
Known,1.0
Known,1.0
Known,1.0
Known,1.0
Known,1.0
Known,1.0
Known,1.0
Known,1.0
Known,1.0
Known,1.0
Known,1.0
Known,1.0
Known,1.0
Known,0.9999999
Known,1.0
Known,1.0
Known,1.0
Known,1.0
Known,1.0
Known,1.0
Known,1.0
Known,1.0
Known,1.0
Known,1.0
Known,1.0
Known,1.0
Known,1.0
Known,1.0
Known,1.0
Known,1.0
Known,1.0
Known,1.0
Known,1.0
Known,1.0
Known,1.0
Known,1.0
Known,1.0
Known,1.0
Known,1.0
Known,1.0
Known,1.0
Known,1.0
Known,1.0
Known,1.0
Known,1.0
Known,1.0
Known,1.0
Known,1.0
Known,1.0
Known,1.0
Known,0.9999999
Known,1.0
Known,1.0
Known,0.9999789
Known,1.0
Known,1.0
Known,1.0
Known,1.0
Known,0.8067758
Known,0.9995067
Known,0.9870789
Known,0.999998
Known,0.9999999
Known,0.9999999
Known,0.9999999
Known,0.99999964
Known,1.0
Known,0.99999714
Known,1.0
Known,1.0
Known,1.0
Known,0.9998504
Known,0.99476236
Known,0.99999976
Known,0.99995685
Known,0.99975127
Known,1.0
Known,0.9999945
Known,0.9999999
Known,0.99985015
Known,0.9999026
Known,0.9998512
Known,1.0
Known,1.0
Known,0.92774296
Known,0.99999833
Known,0.9794645
Known,0.9808528
Known,0.9976445
Known,1.0
Known,0.9904931
Known,1.0
Known,0.99970406
Known,0.77306986
Known,0.9999981
Known,0.9998233
Known,0.99999225
Known,0.9998834
Known,0.9999938
Known,0.99992704
Known,0.99994373
Known,0.8906874
Known,0.9999707
Known,0.9352615
Known,0.98632276
Known,0.8419878
Known,0.46337646
Known,0.8299057
Known,0.99671566
Known,0.9996555
Known,0.7950799
Known,0.9935035
Known,0.93591166
Known,0.990427
Known,0.9999485
Known,0.91472477
Known,0.9999962
Known,0.99999535
Known,0.40413433
Known,0.9468564
Known,0.9998196
Known,0.9989322
Known,0.9990048
Known,0.99912673
Known,0.9651802
Known,0.99978894
Known,1.0
Known,0.99997246
Known,0.9984106
Known,0.9890449
Known,0.9999995
Known,1.0
Known,0.68194795
Known,0.99985635
Known,0.99270236
Known,0.7733884
Known,0.99955946
Known,0.5286611
Known,0.98736763
Known,1.0
Known,0.9999795
Known,1.0
Known,1.0
Known,0.9999999
Known,1.0
Known,1.0
Known,1.0
Known,1.0
Known,1.0
Known,1.0
Known,0.9999993
Known,1.0
Known,1.0
Known,0.99483323
Known,1.0
Known,0.99429953
Known,0.999954
Known,0.9955611
Known,0.9583792
Known,1.0
Known,1.0
Known,0.9999999
Known,1.0
Known,0.99999976
Known,1.0
Known,1.0
Known,1.0
Known,1.0
Known,1.0
Known,0.9999999
Known,0.9999993
Known,0.99999976
Known,1.0
Known,1.0
Known,1.0
Known,1.0
Known,1.0
Known,1.0
Known,1.0
Known,1.0
Known,1.0
Known,1.0
Known,1.0
Known,1.0
Known,0.9999999
Known,1.0
Known,1.0
Known,1.0
Known,1.0
Known,1.0
Known,0.99999857
Known,1.0
Known,0.9999927
Known,1.0
Known,1.0
Known,1.0
Known,1.0
Known,0.99999964
Known,1.0
Known,1.0
Known,1.0
Known,0.9999999
Known,1.0
Known,1.0
Known,1.0
Known,1.0
Known,1.0
Known,0.99034214
Known,1.0
Known,1.0
Known,1.0
Known,1.0
Known,1.0
Known,0.5118391
Known,0.743878
Known,0.9929745
Known,0.9937738
Known,0.99999785
Known,0.99999905
Known,1.0
Known,1.0
Known,0.9999994
Known,1.0
Known,1.0
Known,1.0
Known,1.0
Known,1.0
Known,1.0
Known,1.0
Known,0.9999999
Known,1.0
Known,1.0
Known,0.9999993
Known,0.9976538
Known,1.0
Known,0.9999999
Known,1.0
Known,0.9999999
Known,0.999997
Known,1.0
Known,1.0
Known,1.0
Known,0.9993349
Known,0.9972699
Known,0.99972254
Known,0.9993643
Known,0.96839184
Known,0.9645109
Known,0.9999902
Known,0.8930507
Known,0.99993515
Known,0.98544425
Known,0.7098025
Known,0.66586906
Known,0.9998555
Known,0.9977017
Known,0.8541735
Known,0.99723047
Known,0.7747667
Known,0.87252045
Known,0.6088946
Known,0.6957468
Known,0.5163972
Known,0.87981904
Known,0.49735594
Known,0.9983468
Known,0.9983923
Known,0.9966807
Known,0.99997556
Known,0.80492437
Known,0.9893016
Known,0.9997384
Known,0.5410766
Known,0.7339327
Known,0.9995453
Known,0.61649203
Known,0.7789125
Known,0.9826775
Known,0.9972156
Known,0.97954214
Known,0.9023557
Known,0.9289675
Known,0.80585617
Known,0.99999964
Known,0.52045435
Known,0.73069435
Known,0.5287202
Known,0.9982174
Known,0.507823
Known,0.9987185
Known,0.76943743
Known,0.9992113
Known,0.9995048
Known,0.97836304
Known,0.9603877
Known,0.9999999
Known,0.9973314
Known,0.9999906
Known,1.0
Known,0.99999905
Known,0.5985106
Known,0.9999199
Known,0.9419485
Known,0.6796679
Known,0.91956174
Known,0.9620107
Known,0.9980679
Known,0.9854214
Known,1.0
Known,0.66747284
Known,0.64289856
Known,0.6470282
Known,0.9997894
Known,0.98838043
Known,0.9663444
Known,0.6103435
Known,0.5372422
Known,0.95647556
Known,1.0
Known,0.9962113
Known,0.47085297
Known,0.8449556
Known,0.9528795
Known,0.9605205
Known,0.99983525
Known,0.76626873
Known,0.5068519
Known,0.8299585
Known,0.99906605
Known,0.99895835
Known,0.8485486
Known,0.2823642
Known,0.9996419
Known,0.9005895
Known,0.996983
Known,0.99999976
Known,0.62135994
Known,0.99991286
Known,0.99991727
Known,0.9999827
Known,1.0
Known,1.0
Known,0.9999994
Known,0.9999993
Known,0.9999751
Known,0.9999573
Known,0.9999567
Known,0.9997328
Known,0.99899465
Known,0.9999999
Known,0.999793
Known,0.86600864
Known,1.0
Known,1.0
Known,1.0
Known,1.0
Known,1.0
Known,0.99999404
Known,1.0
Known,0.997488
Known,1.0
Known,0.9999995
Known,0.999992
Known,1.0
Known,0.99999964
Known,1.0
Known,1.0
Known,1.0
Known,1.0
Known,1.0
Known,1.0
Known,0.9999943
Known,1.0
Known,1.0
Known,1.0
Known,1.0
Known,1.0
Known,1.0
Known,1.0
Known,1.0
Known,1.0
Known,1.0
Known,1.0
Known,1.0
Known,1.0
Known,0.9999994
Known,1.0
Known,1.0
Known,1.0
Known,1.0
Known,1.0
Known,0.9999794
Known,0.99999964
Known,1.0
Known,1.0
Known,1.0
Known,1.0
Known,1.0
Known,1.0
Known,0.9999993
Known,0.9999999
Known,1.0
Known,1.0
Known,1.0
Known,1.0
Known,1.0
Known,1.0
Known,1.0
Known,0.9983638
Known,0.9747864
Known,0.7503211
Known,0.99976414
Known,1.0
Known,0.7383596
Known,0.89808625
Known,0.56805336
Known,0.98056465
Known,0.5231408
Known,0.49679145
Known,0.98258865
Known,0.7913847
Known,0.7011167
Known,0.82178694
Known,0.99725926
Known,0.9957273
Known,0.99994254
Known,0.9253587
Known,0.98270446
Known,0.99060667
Known,0.9919411
Known,0.9928388
Known,0.92351663
Known,0.71161693
Known,0.74130255
Known,0.5346324
Known,0.9498324
Known,0.9505841
Known,0.9056416
Known,0.76554984
Known,0.96865284
Known,0.94137144
Known,0.9826912
Known,0.9997824
Known,0.99837565
Known,0.72763836
Known,0.64239454
Known,0.8858451
Known,0.8168038
Known,0.97014856
Known,0.48902884
Known,0.7182488
Known,0.9903528
Known,0.43736687
Known,0.4115453
Known,0.7834428
Known,0.9924958
Known,0.85480976
Known,0.9935823
Known,0.99998415
Known,0.9196089
Known,0.9999932
Known,0.9999331
Known,0.9997316
Known,0.9994412
Known,1.0
Known,0.9999316
Known,0.9999982
Known,1.0
Known,0.9999894
Known,0.9999999
Known,0.9999976
Known,0.9999993
Known,0.9757794
Known,0.9735233
Known,0.94955635
Known,0.7981485
Known,0.8720625
Known,0.6942978
Known,0.9979512
Known,0.985864
Known,0.99897015
Known,0.9954633
Known,0.9934783
Known,0.67841744
Known,0.98541707
Known,0.5095859
Known,0.9986651
Known,0.93875873
Known,0.77874416
Known,0.98929006
Known,0.5161302
Known,0.9980615
Known,0.9999912
Known,0.83662903
Known,0.67049956
Known,0.47655815
Known,0.5203254
Known,0.81744665
Known,0.9923266
Known,0.9164288
Known,0.9377196
Known,0.4033143
Known,0.78634095
Known,1.0
Known,0.9999678
Known,0.9981724
Known,0.9999993
Known,1.0
Known,0.9999981
Known,1.0
Known,0.9999994
Known,0.9999778
Known,0.99999666
Known,0.7900438
Known,0.97668254
Known,0.9999901
Known,0.9997321
Known,0.99986625
Known,0.9997019
Known,0.92623854
Known,0.9998741
Known,0.78631085
Known,0.79864836
Known,0.98263675
Known,0.98908854
Known,0.9992508
Known,0.9997868
Known,0.999355
Known,0.9999993
Known,0.9983987
Known,0.8291454
Known,0.99926835
Known,0.9994438
Known,0.99886924
Known,0.9963929
Known,0.9999988
Known,0.4216154
Known,0.9999989
Known,0.99998534
Known,0.99995327
Known,0.85072917
Known,0.9982503
Known,0.9996797
Known,0.9202797
Known,0.9996189
Known,0.9999888
Known,0.9999901
Known,0.99999905
Known,0.9999999
Known,0.8236044
Known,0.97144014
Known,0.97917944
Known,0.78349125
Known,0.5279313
Known,0.8137642
Known,0.9997857
Known,0.99590623
Known,0.98627716
Known,0.9314143
Known,0.92686844
Known,0.91322327
Known,0.98153895
Known,0.94361275
Known,0.9717576
Known,0.7559792
Known,0.994568
Known,0.8127807
Known,0.9926279
Known,0.99995255
Known,0.6406915
Known,0.8295633
Known,0.684646
Known,0.9919714
Known,0.5428402
Known,0.9704418
Known,0.68955547
Known,0.999997
Known,0.99979645
Known,1.0
Known,1.0
Known,1.0
Known,0.9998294
Known,0.7463704
Known,0.9999858
Known,0.74483085
Known,0.8797174
Known,0.9985379
Known,0.9999999
Known,0.9999963
Known,0.9634658
Known,1.0
Known,0.99995434
Known,1.0
Known,0.9999738
Known,0.5419746
Known,0.8273564
Known,0.8120479
Known,0.64985377
Known,0.88972044
Known,0.99517727
Known,0.99063814
Known,0.915435
Known,0.99923074
Known,0.996198
Known,0.89006037
Known,0.9900842
Known,0.8148693
Known,0.8885884
Known,0.6612606
Known,0.9377574
Known,1.0
Known,1.0
Known,0.9997961
Known,0.9999927
Known,0.9999175
Known,1.0
Known,1.0
Known,1.0
Known,0.9999901
Known,0.9999999
Known,0.99999964
Known,1.0
Known,0.99999785
Known,0.9999901
Known,0.9999937
Known,0.9974269
Known,0.9976948
Known,1.0
Known,0.99999976
Known,0.79427767
Known,0.99622583
Known,0.95362085
Known,0.9994374
Known,0.7384244
Known,0.9116404
Known,0.7477292
Known,0.9982095
Known,0.99999976
Known,0.99999034
Known,1.0
Known,1.0
Known,1.0
Known,1.0
Known,1.0
Known,0.9999999
Known,1.0
Known,0.999998
Known,1.0
Known,1.0
Known,0.9999995
Known,1.0
Known,1.0
Known,0.9999999
Known,0.9999995
Known,0.99980825
Known,0.99999976
Known,0.99999726
Known,0.9999409
Known,0.99999976
Known,0.9621581
Known,0.9999354
Known,0.91457486
Known,0.99557036
Known,0.4171898
Known,0.8343093
Known,0.9423804
Known,0.89609665
Known,0.99779713
Known,0.9999999
Known,0.98765147
Known,1.0
Known,1.0
Known,1.0
Known,1.0
Known,0.99999917
Known,1.0
Known,1.0
Known,0.99999964
Known,1.0
Known,0.9999999
Known,1.0
Known,1.0
Known,1.0
Known,1.0
Known,0.54601336
Known,0.9998417
Known,0.99999774
Known,0.9999999
Known,0.8431189
Known,1.0
Known,1.0
Known,1.0
Known,1.0
Known,1.0
Known,1.0
Known,1.0
Known,1.0
Known,1.0
Known,0.99999547
Known,1.0
Known,1.0
Known,1.0
Known,0.9995827
Known,1.0
Known,1.0
Known,0.8260622
Known,0.24081321
Known,1.0
Known,0.9999262
Known,0.99990106
Known,1.0
Known,1.0
Known,1.0
Known,1.0
Known,1.0
Known,1.0
Known,1.0
Known,1.0
Known,1.0
Known,1.0
Known,1.0
Known,1.0
Known,1.0
Known,1.0
Known,1.0
Known,1.0
Known,1.0
Known,1.0
Known,1.0
Known,1.0
Known,1.0
Known,1.0
Known,1.0
Known,0.99143183
Known,1.0
Known,1.0
Known,1.0
Known,1.0
Known,1.0
Known,1.0
Known,1.0
Known,0.5476438
Known,0.6191574
Known,0.98734015
Known,0.99906
Known,0.9963381
Known,0.9984486
Known,0.99996114
Known,0.9998512
Known,0.99999964
Known,0.9514086
Known,0.9999999
Known,0.9999957
Known,0.91739553
Known,0.940681
Known,1.0
Known,1.0
Known,0.9999938
Known,1.0
Known,1.0
Known,1.0
Known,1.0
Known,1.0
Known,1.0
Known,1.0
Known,1.0
Known,1.0
Known,0.9999734
Known,1.0
Known,1.0
Known,1.0
Known,0.6574054
Known,0.99912125
Known,0.9997156
Known,0.6370291
Known,0.9999732
Known,0.99999976
Known,1.0
Known,1.0
Known,0.99639124
Known,1.0
Known,1.0
Known,1.0
Known,1.0
Known,1.0
Known,1.0
Known,1.0
Known,1.0
Known,0.99987304
Known,0.9998808
Known,0.9998012
Known,0.9999993
Known,1.0
Known,0.9999021
Known,0.99997413
Known,0.99464107
Known,0.9999995
Known,1.0
Known,1.0
Known,1.0
Known,1.0
Known,1.0
Known,1.0
Known,1.0
Known,1.0
Known,1.0
Known,1.0
Known,1.0
Known,1.0
Known,1.0
Known,1.0
Known,1.0
Known,1.0
Known,1.0
Known,1.0
Known,1.0
Known,1.0
Known,1.0
Known,1.0
Known,1.0
Known,1.0
Known,1.0
Known,0.975668
Known,1.0
Known,1.0
Known,1.0
Known,1.0
Known,1.0
Known,1.0
Known,1.0
Known,1.0
Known,0.999741
Known,0.9999856
Known,0.9999989
Known,0.60127896
Known,0.69289243
Known,1.0
Known,1.0
Known,0.9999993
Known,0.9999963
Known,1.0
Known,0.88474363
Known,1.0
Known,1.0
Known,1.0
Known,1.0
Known,1.0
Known,1.0
Known,1.0
Known,0.99999726
Known,0.9999852
Known,0.9981047
Known,0.99999046
Known,0.99999976
Known,0.9999994
Known,1.0
Known,0.99999905
Known,0.99999845
Known,0.9999951
Known,0.86802584
Known,0.999915
Known,0.99993443
Known,1.0
Known,1.0
Known,1.0
Known,1.0
Known,1.0
Known,1.0
Known,1.0
Known,1.0
Known,1.0
Known,1.0
Known,1.0
Known,1.0
Known,1.0
Known,1.0
Known,0.9999999
Known,1.0
Known,1.0
Known,1.0
Known,1.0
Known,1.0
Known,0.99999976
Known,0.9997063
Known,0.53194904
Known,0.9999999
Known,0.99999917
Known,1.0
Known,1.0
Known,1.0
Known,1.0
Known,1.0
Known,1.0
Known,1.0
Known,1.0
Known,1.0
Known,1.0
Known,1.0
Known,1.0
Known,1.0
Known,1.0
Known,1.0
Known,1.0
Known,0.99999976
Known,0.9999893
Known,0.9999993
Known,1.0
Known,1.0
Known,0.99999976
Known,0.9999939
Known,1.0
Known,1.0
Known,0.79928935
Known,0.999931
Known,0.9998857
Known,0.7338321
Known,1.0
Known,1.0
Known,1.0
Known,1.0
Known,1.0
Known,1.0
Known,1.0
Known,0.96675384
Known,1.0
Known,1.0
Known,1.0
Known,1.0
Known,1.0
Known,1.0
Known,1.0
Known,1.0
Known,1.0
Known,1.0
Known,1.0
Known,1.0
Known,1.0
Known,1.0
Known,1.0
Known,1.0
Known,1.0
Known,1.0
Known,1.0
Known,1.0
Known,1.0
Known,1.0
Known,1.0
Known,1.0
Known,1.0
Known,1.0
Known,0.9871314
Known,1.0
Known,1.0
Known,1.0
Known,1.0
Known,1.0
Known,1.0
Known,1.0
Known,1.0
Known,0.9999938
Known,0.99999976
Known,0.9995448
Known,1.0
Known,1.0
Known,1.0
Known,0.6316365
Known,1.0
Known,1.0
Known,1.0
Known,1.0
Known,1.0
Known,1.0
Known,1.0
Known,1.0
Known,1.0
Known,1.0
Known,1.0
Known,0.9993579
Known,1.0
Known,1.0
Known,1.0
Known,1.0
Known,1.0
Known,1.0
Known,0.99995315
Known,0.92103326
Known,0.5684697
Known,1.0
Known,1.0
Known,1.0
Known,1.0
Known,1.0
Known,1.0
Known,1.0
Known,1.0
Known,1.0
Known,1.0
Known,1.0
Known,1.0
Known,1.0
Known,0.9999999
Known,1.0
Known,1.0
Known,1.0
Known,1.0
Known,1.0
Known,1.0
Known,1.0
Known,1.0
Known,1.0
Known,1.0
Known,1.0
Known,1.0
Known,1.0
Known,1.0
Known,1.0
Known,1.0
Known,1.0
Known,1.0
Known,1.0
Known,1.0
Known,1.0
Known,1.0
Known,1.0
Known,1.0
Known,1.0
Known,1.0
Known,1.0
Known,1.0
Known,0.9999995
Known,0.9999999
Known,0.9999883
Known,0.9999976
Known,0.99999976
Known,0.9999999
Known,0.99998164
Known,0.99198383
Known,0.9999976
Known,1.0
Known,1.0
Unknown,0.71170175
Unknown,0.5863401
Unknown,0.44750488
Unknown,0.4353729
Unknown,0.9985393
Unknown,0.9640887
Unknown,0.99850816
Unknown,0.88520753
Unknown,0.99846244
Unknown,0.43314624
Unknown,0.599504
Unknown,0.6572806
Unknown,0.88731337
Unknown,0.4105377
Unknown,0.9993892
Unknown,0.5851787
Unknown,0.88177013
Unknown,0.42242843
Unknown,0.63072944
Unknown,0.9973098
Unknown,0.99999607
Unknown,0.6851596
Unknown,0.967099
Unknown,0.7635224
Unknown,0.6615878
Unknown,0.9393818
Unknown,0.9529754
Unknown,0.84571683
Unknown,0.91937214
Unknown,0.32857734
Unknown,0.47247446
Unknown,0.886219
Unknown,0.98799455
Unknown,0.7834191
Unknown,0.6809135
Unknown,0.668149
Unknown,0.50740975
Unknown,0.84917694
Unknown,0.92754084
Unknown,0.9515214
Unknown,0.99910825
Unknown,0.89771324
Unknown,0.5105289
Unknown,0.99992645
Unknown,0.94087845
Unknown,0.84302545
Unknown,0.9611618
Unknown,0.6238192
Unknown,0.9289098
Unknown,0.5752721
Unknown,0.7237029
Unknown,0.72909755
Unknown,0.6005147
Unknown,0.55082124
Unknown,0.51656145
Unknown,0.9617204
Unknown,0.9675076
Unknown,0.96609646
Unknown,0.44522822
Unknown,0.83488464
Unknown,0.5932446
Unknown,0.51887244
Unknown,0.20120345
Unknown,0.85691243
Unknown,0.83613783
Unknown,0.9407986
Unknown,0.5218864
Unknown,0.68599546
Unknown,0.503589
Unknown,0.999985
Unknown,1.0
Unknown,0.60842776
Unknown,0.7257558
Unknown,0.5197626
Unknown,0.55895
Unknown,0.5406243
Unknown,0.9231531
Unknown,0.9119302
Unknown,0.80859876
Unknown,0.53374934
Unknown,0.92054033
Unknown,0.8317705
Unknown,0.38578093
Unknown,0.9811638
Unknown,0.7849683
Unknown,0.93474174
Unknown,0.53626776
Unknown,0.5394087
Unknown,0.35591048
Unknown,0.96207786
Unknown,0.716447
Unknown,0.53967226
Unknown,0.8121591
Unknown,0.79791945
Unknown,0.5111474
Unknown,0.7219831
Unknown,0.99862325
Unknown,0.9926131
Unknown,0.5124704
Unknown,0.9910761
Unknown,0.9998784
Unknown,1.0
Unknown,0.9781457
Unknown,0.9999902
Unknown,0.73896056
Unknown,0.6428111
Unknown,0.999985
Unknown,0.670856
Unknown,0.98244137
Unknown,0.9951546
Unknown,0.99999917
Unknown,0.99024487
Unknown,0.82867587
Unknown,0.80033034
Unknown,0.7404988
Unknown,0.9030588
Unknown,0.6531329
Unknown,0.88264036
Unknown,0.4510784
Unknown,0.9397355
Unknown,0.99972016
Unknown,0.8138153
Unknown,0.99433374
Unknown,0.33184436
Unknown,1.0
Unknown,0.99653316
Unknown,0.464155
Unknown,0.9999591
Unknown,0.9989994
Unknown,0.8539834
Unknown,0.92523307
Unknown,0.7517712
Unknown,1.0
Unknown,0.7226224
Unknown,0.9686536
Unknown,0.99832255
Unknown,0.83419085
Unknown,0.25681868
Unknown,0.9248984
Unknown,0.903711
Unknown,0.34642988
Unknown,0.99876285
Unknown,0.99839896
Unknown,0.92184883
Unknown,0.5006926
Unknown,0.94685376
Unknown,0.975785
Unknown,0.95771563
Unknown,0.9992112
Unknown,0.93296385
Unknown,0.35840058
Unknown,0.92236966
Unknown,0.56721336
Unknown,0.97559536
Unknown,0.96723294
Unknown,0.31414858
Unknown,1.0
Unknown,0.9999999
Unknown,0.6360334
Unknown,0.982087
Unknown,0.5720279
Unknown,0.8852775
Unknown,0.6107624
Unknown,0.8983793
Unknown,0.9956269
Unknown,0.99931884
Unknown,0.9998996
Unknown,0.999476
Unknown,0.9920849
Unknown,0.99929297
Unknown,1.0
Unknown,0.9998097
Unknown,0.7690821
Unknown,0.84157866
Unknown,0.3526306
Unknown,0.9615037
Unknown,0.95560396
Unknown,0.99856997
Unknown,0.54391056
Unknown,0.8066786
Unknown,0.84124833
Unknown,0.9919139
Unknown,0.57186127
Unknown,1.0
Unknown,0.99963045
Unknown,0.9920745
Unknown,0.9975539
Unknown,0.99998176
Unknown,0.9911738
Unknown,0.68328744
Unknown,0.61478
Unknown,0.99297607
Unknown,0.74137366
Unknown,0.9999912
Unknown,0.99870026
Unknown,0.44098198
Unknown,1.0
Unknown,0.64011437
Unknown,0.71172935
Unknown,0.52073646
Unknown,0.6959352
Unknown,0.99924207
Unknown,0.35505068
Unknown,0.35311562
Unknown,0.9999572
Unknown,1.0
Unknown,0.97194755
Unknown,0.52724737
Unknown,0.97457856
Unknown,0.9990976
Unknown,0.9764068
Unknown,1.0
Unknown,0.99999917
Unknown,0.6587007
Unknown,0.55483633
Unknown,0.999065
Unknown,0.816452
Unknown,0.95732605
Unknown,0.6737206
Unknown,0.86104935
Unknown,0.79613775
Unknown,0.9997168
Unknown,0.82000977
Unknown,0.9260974
Unknown,0.7663474
Unknown,0.8986309
Unknown,0.9933082
Unknown,0.9683833
Unknown,0.99915254
Unknown,0.8929151
Unknown,0.5266674
Unknown,0.22299246
Unknown,0.9988092
Unknown,0.98291266
Unknown,0.9994823
Unknown,1.0
Unknown,0.9780556
Unknown,0.85193634
Unknown,0.69199294
Unknown,0.9943329
Unknown,0.93884486
Unknown,1.0
Unknown,1.0
Unknown,1.0
Unknown,0.99767464
Unknown,0.98781466
Unknown,0.68315655
Unknown,0.48686913
Unknown,1.0
Unknown,0.9997993
Unknown,0.74024296
Unknown,0.7779485
Unknown,0.75733876
Unknown,0.9990089
Unknown,0.99748284
Unknown,0.8909571
Unknown,0.7123954
Unknown,0.6110215
Unknown,0.99741673
Unknown,0.53973573
Unknown,0.94906896
Unknown,0.49149922
Unknown,0.4480822
Unknown,0.9986357
Unknown,0.60125613
Unknown,0.61961496
Unknown,0.9463489
Unknown,0.969139
Unknown,0.4169738
Unknown,0.9272968
Unknown,0.96855885
Unknown,0.283734
Unknown,1.0
Unknown,0.8374726
Unknown,0.92596984
Unknown,0.6518623
Unknown,0.6365003
Unknown,0.9914932
Unknown,0.98968214
Unknown,0.9995951
Unknown,0.9433999
Unknown,0.4467044
Unknown,0.99111956
Unknown,0.9892868
Unknown,0.86327857
Unknown,1.0
Unknown,0.997729
Unknown,0.6658206
Unknown,0.9963336
Unknown,0.90029705
Unknown,0.86441916
Unknown,0.5109479
Unknown,0.9957761
Unknown,0.9993345
Unknown,0.9583273
Unknown,0.99372166
Unknown,0.8811371
Unknown,0.58230585
Unknown,0.49880695
Unknown,0.37707144
Unknown,0.3299837
Unknown,0.5970092
Unknown,0.9999635
Unknown,0.9216008
Unknown,0.9973852
Unknown,0.9812299
Unknown,0.60693496
Unknown,0.9980294
Unknown,0.9998305
Unknown,0.78390354
Unknown,0.99954283
Unknown,0.9952259
Unknown,0.90330434
Unknown,0.99807703
Unknown,0.8984036
Unknown,0.27002367
Unknown,0.9462889
Unknown,0.5528791
Unknown,0.5252237
Unknown,0.9950023
Unknown,0.930749
Unknown,0.9166822
Unknown,0.7486493
Unknown,0.8055128
Unknown,0.9771836
Unknown,0.8208052
Unknown,0.9540621
Unknown,0.7002852
Unknown,0.99822384
Unknown,0.6974365
Unknown,0.9999968
Unknown,0.9863042
Unknown,0.6863693
Unknown,0.5008615
Unknown,0.8819962
Unknown,0.9189545
Unknown,0.85605997
Unknown,0.9488068
Unknown,0.6120653
Unknown,0.92673254
Unknown,0.9848931
Unknown,0.9972958
Unknown,0.87019664
Unknown,0.34656206
Unknown,0.9390017
Unknown,0.71146905
Unknown,0.9994809
Unknown,0.97382176
Unknown,0.9977463
Unknown,0.7550294
Unknown,0.8910264
Unknown,0.99998736
Unknown,0.99933404
Unknown,1.0
Unknown,0.8653374
Unknown,0.4918998
Unknown,0.617543
Unknown,0.99158937
Unknown,0.9797354
Unknown,0.9688685
Unknown,0.8610146
Unknown,0.78500307
Unknown,0.80833
Unknown,0.6822894
Unknown,1.0
Unknown,0.9164988
Unknown,0.9999924
Unknown,0.99671614
Unknown,0.8207689
Unknown,0.9998134
Unknown,0.9240262
Unknown,0.52305984
Unknown,0.99687034
Unknown,0.52643746
Unknown,0.8923715
Unknown,0.99995697
Unknown,0.9844119
Unknown,0.926372
Unknown,0.75788265
Unknown,0.6654956
Unknown,0.7747807
Unknown,0.64859414
Unknown,0.71823335
Unknown,0.99954057
Unknown,0.7408848
Unknown,0.972646
Unknown,0.9410885
Unknown,0.99988914
Unknown,0.7080416
Unknown,0.99436545
Unknown,0.47345364
Unknown,0.77694505
Unknown,0.9019998
Unknown,0.62045825
Unknown,0.77274376
Unknown,0.9202095
Unknown,0.9705913
Unknown,0.7115631
Unknown,0.9291419
Unknown,0.7873337
Unknown,0.99229336
Unknown,0.36352602
Unknown,0.999071
Unknown,0.88658637
Unknown,0.9996438
Unknown,0.33074072
Unknown,0.8536181
Unknown,0.9351244
Unknown,0.99997735
Unknown,0.9999757
Unknown,0.9804464
Unknown,0.99998534
Unknown,0.9994343
Unknown,0.9993505
Unknown,0.9683168
Unknown,0.9999728
Unknown,0.9688817
Unknown,0.6746017
Unknown,0.70435333
Unknown,0.15976779
Unknown,0.9264168
Unknown,0.7564444
Unknown,0.9990037
Unknown,0.82920116
Unknown,0.9970578
Unknown,0.30925837
Unknown,0.99924624
Unknown,0.9966557
Unknown,0.6424512
Unknown,0.4616494
Unknown,1.0
Unknown,1.0
Unknown,0.9995566
Unknown,0.989791
Unknown,0.89696926
Unknown,0.9963721
Unknown,0.3644074
Unknown,0.90859777
Unknown,0.8882505
Unknown,0.73039466
Unknown,0.86530435
Unknown,0.6167522
Unknown,0.99842644
Unknown,0.9697299
Unknown,0.9929638
Unknown,0.99999905
Unknown,0.8294317
Unknown,0.54241085
Unknown,0.77560717
Unknown,0.99999976
Unknown,0.9945352
Unknown,0.6702959
Unknown,0.91326326
Unknown,0.9909005
Unknown,0.90263253
Unknown,0.97666055
Unknown,1.0
Unknown,0.5993688
Unknown,0.6066337
Unknown,0.59684026
Unknown,0.53132004
Unknown,0.9833645
Unknown,0.89630556
Unknown,0.51648045
Unknown,0.35061303
Unknown,0.9882752
Unknown,0.9491011
Unknown,0.9997334
Unknown,0.7032671
Unknown,0.9999995
Unknown,0.49767625
Unknown,0.9765029
Unknown,0.9998416
Unknown,0.9768584
Unknown,0.98409307
Unknown,0.9754557
Unknown,0.98691714
Unknown,0.98991907
Unknown,0.99805117
Unknown,0.999941
Unknown,0.80374527
Unknown,0.9714443
Unknown,0.8913205
Unknown,0.60663134
Unknown,0.9637308
Unknown,0.99973625
Unknown,0.65335494
Unknown,0.8431214
Unknown,0.95978576
Unknown,0.9605742
Unknown,0.7359932
Unknown,0.8965736
Unknown,0.329645
Unknown,0.6677403
Unknown,0.99795985
Unknown,0.53748775
Unknown,0.44226474
Unknown,0.9035221
Unknown,0.9850973
Unknown,0.99259174
Unknown,0.8020714
Unknown,0.8009727
Unknown,0.46915743
Unknown,0.28356698
Unknown,0.61677843
Unknown,0.99999774
Unknown,0.9879218
Unknown,0.9997428
Unknown,1.0
Unknown,0.9457266
Unknown,0.7524778
Unknown,0.7608711
Unknown,0.9906827
Unknown,0.99999964
Unknown,0.99999964
Unknown,0.99992824
Unknown,0.9210632
Unknown,0.99851865
Unknown,1.0
Unknown,0.99995553
Unknown,0.9529727
Unknown,0.91811174
Unknown,0.8427905
Unknown,0.84342337
Unknown,0.7069767
Unknown,0.5679354
Unknown,0.56563056
Unknown,0.7867966
Unknown,0.9999379
Unknown,0.92641425
Unknown,0.62125516
Unknown,0.99732375
Unknown,0.5692134
Unknown,0.54963017
Unknown,0.54351443
Unknown,0.56089485
Unknown,0.82261425
Unknown,0.9999474
Unknown,0.46063396
Unknown,0.8068883
Unknown,0.7211429
Unknown,0.9142346
Unknown,0.9979126
Unknown,0.7449395
Unknown,0.86974627
Unknown,0.9999988
Unknown,0.9848321
Unknown,0.512209
Unknown,0.82438385
Unknown,0.97258556
Unknown,0.83144325
Unknown,0.8581854
Unknown,0.7988908
Unknown,1.0
Unknown,1.0
Unknown,0.99300885
Unknown,0.7049053
Unknown,0.87209207
Unknown,0.65597856
Unknown,0.9988525
Unknown,0.5121172
Unknown,0.8532988
Unknown,0.9924475
Unknown,0.8260901
Unknown,0.8091466
Unknown,0.9400479
Unknown,0.9941282
Unknown,0.9373978
Unknown,0.9977198
Unknown,0.9999969
Unknown,0.97263587
Unknown,0.9999546
Unknown,0.9568446
Unknown,0.7505612
Unknown,0.68255854
Unknown,0.40709674
Unknown,0.44292244
Unknown,0.9842861
Unknown,0.9999951
Unknown,0.9990482
Unknown,0.9962096
Unknown,0.5375905
Unknown,0.9904294
Unknown,0.5604653
Unknown,0.96212363
Unknown,0.5464825
Unknown,0.3462249
Unknown,0.5347751
Unknown,0.8258388
Unknown,0.98324096
Unknown,1.0
Unknown,0.9670536
Unknown,0.94115865
Unknown,0.563354
Unknown,0.39366204
Unknown,0.9955728
Unknown,0.99999917
Unknown,0.83131933
Unknown,0.99496233
Unknown,0.9397628
Unknown,0.9206621
Unknown,0.5570755
Unknown,0.99692756
Unknown,0.9290084
Unknown,0.7599035
Unknown,0.57624984
Unknown,0.89194536
Unknown,0.91042
Unknown,0.9999906
Unknown,0.9088353
Unknown,0.96029437
Unknown,0.7855786
Unknown,0.9743094
Unknown,0.9260909
Unknown,0.98692423
Unknown,0.9996433
Unknown,0.9521633
Unknown,1.0
Unknown,0.80226225
Unknown,0.6329816
Unknown,0.8811969
Unknown,0.9464849
Unknown,0.99990714
Unknown,0.94177645
Unknown,0.6954136
Unknown,0.9612583
Unknown,0.7344515
Unknown,0.8115269
Unknown,0.93226177
Unknown,0.86048675
Unknown,0.9702299
Unknown,0.8340919
Unknown,0.99997735
Unknown,0.9219849
Unknown,0.5551968
Unknown,0.6937418
Unknown,0.624226
Unknown,0.9893295
Unknown,0.7390098
Unknown,0.494565
Unknown,0.51936775
Unknown,0.49975818
Unknown,0.9827042
Unknown,0.65135217
Unknown,0.99971384
Unknown,0.99227154
Unknown,0.6982434
Unknown,0.9865262
Unknown,0.5802789
Unknown,0.96392393
Unknown,0.5710173
Unknown,0.5554602
Unknown,0.6038509
Unknown,0.6053615
Unknown,0.589311
Unknown,0.35012615
Unknown,0.55584794
Unknown,0.8252169
Unknown,0.64406806
Unknown,0.999658
Unknown,0.9885218
Unknown,0.9731985
Unknown,0.28228277
Unknown,0.81128
Unknown,0.6452137
Unknown,0.68218946
Unknown,0.57300633
Unknown,0.9985562
Unknown,0.9996476
Unknown,0.9999968
Unknown,0.9949538
Unknown,0.75877786
Unknown,0.80828637
Unknown,0.6893242
Unknown,0.6301741
Unknown,0.3234495
Unknown,0.6887645
Unknown,0.69430184
Unknown,0.5502052
Unknown,0.47562134
Unknown,0.6850766
Unknown,0.915973
Unknown,0.62396467
Unknown,0.99999905
Unknown,0.98571116
Unknown,0.9756151
Unknown,0.6815923
Unknown,0.93908113
Unknown,0.97482973
Unknown,0.9950989
Unknown,0.98828715
Unknown,0.53974783
Unknown,0.99220675
Unknown,0.9929323
Unknown,0.992908
Unknown,0.30994564
Unknown,0.54277354
Unknown,0.96244544
Unknown,0.4219592
Unknown,0.9385121
Unknown,0.5443942
Unknown,0.95314366
Unknown,0.90835065
Unknown,0.98050755
Unknown,0.99980944
Unknown,0.6453134
Unknown,0.67473245
Unknown,0.97002
Unknown,0.6017082
Unknown,0.9081226
Unknown,0.9977502
Unknown,0.60401076
Unknown,0.8361072
Unknown,0.9706397
Unknown,0.978084
Unknown,0.5432568
Unknown,0.95717424
Unknown,0.98086125
Unknown,0.40487674
Unknown,0.22397399
Unknown,0.99800044
Unknown,0.9999901
Unknown,0.99590164
Unknown,0.85516274
Unknown,0.98915964
Unknown,0.753488
Unknown,0.6312801
Unknown,0.28129447
Unknown,0.97402835
Unknown,0.6396441
Unknown,0.54376125
Unknown,0.5679306
Unknown,0.90040076
Unknown,0.99031407
Unknown,0.51822126
Unknown,0.99617577
Unknown,1.0
Unknown,0.95138586
Unknown,0.8985782
Unknown,0.97553277
Unknown,1.0
Unknown,0.9999877
Unknown,0.9148841
Unknown,0.9979279
Unknown,1.0
Unknown,0.622948
Unknown,0.9999987
Unknown,0.8560918
Unknown,0.8777674
Unknown,0.68885285
Unknown,0.9096196
Unknown,0.99772316
Unknown,0.89124393
Unknown,0.43006802
Unknown,0.9195141
Unknown,0.60064363
Unknown,0.95503825
Unknown,0.9235031
Unknown,0.99929357
Unknown,0.7320509
Unknown,0.98498696
Unknown,0.5904568
Unknown,0.9986676
Unknown,0.81110317
Unknown,0.97765326
Unknown,0.409145
Unknown,0.7455313
Unknown,0.96873045
Unknown,0.9998367
Unknown,0.9669334
Unknown,0.5673517
Unknown,0.9877159
Unknown,0.54589736
Unknown,0.6178081
Unknown,0.99723583
Unknown,0.91169304
Unknown,0.54080015
Unknown,0.41113263
Unknown,0.9999976
Unknown,0.7438777
Unknown,0.99742126
Unknown,0.84395593
Unknown,0.83190125
Unknown,0.5037986
Unknown,0.6585751
Unknown,0.5967002
Unknown,0.8135887
Unknown,0.65069884
Unknown,0.870434
Unknown,0.36275378
Unknown,0.98752964
Unknown,0.8270106
Unknown,0.6110623
Unknown,0.89855975
Unknown,0.33102965
Unknown,0.9133283
Unknown,0.9899177
Unknown,0.9920791
Unknown,0.8362266
Unknown,0.5086313
Unknown,0.73815364
Unknown,0.9607511
Unknown,0.97182626
Unknown,0.9997042
Unknown,0.9369275
Unknown,0.33818528
Unknown,0.71633583
Unknown,1.0
Unknown,1.0
Unknown,0.18557115
Unknown,0.996843
Unknown,0.8965623
Unknown,0.39356282
Unknown,0.9958818
Unknown,0.99995244
Unknown,0.99998987
Unknown,0.3357622
Unknown,0.8988886
Unknown,0.86847466
Unknown,0.97123724
Unknown,0.99421614
Unknown,0.99938655
Unknown,0.8251388
Unknown,0.59102935
Unknown,0.9984864
Unknown,0.62727475
Unknown,0.6156382
Unknown,0.79498947
Unknown,0.949133
Unknown,0.72160256
Unknown,0.8389137
Unknown,0.99933964
Unknown,0.7627328
Unknown,0.54459494
Unknown,0.8460166
Unknown,0.97406876
Unknown,0.9441064
Unknown,0.6868664
Unknown,0.9263313
Unknown,0.7759732
Unknown,0.9398756
Unknown,0.99296886
Unknown,0.99059653
Unknown,0.99514776
Unknown,0.9907967
Unknown,0.9100322
Unknown,0.85016114
Unknown,0.9900241
Unknown,0.98788774
Unknown,0.44192585
Unknown,0.9950223
Unknown,0.7558452
Unknown,0.99343586
Unknown,0.49193665
Unknown,0.8678846
Unknown,0.8891991
Unknown,0.99999726
Unknown,0.9627963
Unknown,0.99967957
Unknown,0.54021674
Unknown,0.9937749
Unknown,0.60549694
Unknown,0.9794168
Unknown,0.67937547
Unknown,0.8873898
Unknown,0.9702278
Unknown,0.9989292
Unknown,0.99997556
Unknown,0.8337721
Unknown,0.91607684
Unknown,0.8461457
Unknown,0.659688
Unknown,0.70269287
Unknown,0.9439875
Unknown,0.9994336
Unknown,0.3837897
Unknown,0.3502751
Unknown,0.9541669
Unknown,0.9915537
Unknown,0.93619543
Unknown,0.7842529
Unknown,0.9997471
Unknown,0.57593143
Unknown,0.49712402
Unknown,0.78475577
Unknown,0.95518404
Unknown,0.8755483
Unknown,0.83562225
Unknown,0.99967027
Unknown,0.9929664
Unknown,0.75672615
Unknown,0.7016986
Unknown,0.9659574
Unknown,0.60951215
Unknown,0.58138245
Unknown,0.65607363
Unknown,0.9999424
Unknown,0.63180226
Unknown,0.9985306
Unknown,0.59099036
Unknown,0.99867
Unknown,0.9962088
Unknown,0.72160774
Unknown,0.99864453
Unknown,0.9403691
Unknown,0.67775446
Unknown,0.7235043
Unknown,0.67483884
Unknown,0.36211902
Unknown,0.9514506
Unknown,0.9220072
Unknown,0.6517033
Unknown,0.99292576
Unknown,0.9789353
Unknown,1.0
Unknown,0.99830186
Unknown,0.97691196
Unknown,1.0
Unknown,0.9956838
Unknown,0.9996092
Unknown,0.999985
Unknown,0.9807772
Unknown,0.50556445
Unknown,0.7977985
Unknown,0.9999981
Unknown,0.98801893
Unknown,0.6410731
Unknown,0.45973063
Unknown,0.9135105
Unknown,0.9999881
Unknown,0.9500715
Unknown,0.8265759
Unknown,0.54585093
Unknown,0.92005837
Unknown,0.61470217
Unknown,0.9999974
Unknown,0.7260867
Unknown,0.7693932
Unknown,0.97466826
Unknown,0.9192114
Unknown,0.44145074
Unknown,0.72249943
Unknown,0.4755332
Unknown,0.8771603
Unknown,0.8284195
Unknown,0.9466493
Unknown,0.9876617
Unknown,0.9112017
Unknown,0.8898284
Unknown,0.7566945
Unknown,0.4535608
Unknown,0.9196297
Unknown,0.99472225
Unknown,0.50175506
Unknown,0.8674799
Unknown,0.7106694
Unknown,0.8578956
Unknown,0.99833316
Unknown,0.9990109
Unknown,0.9450938
Unknown,0.9720828
Unknown,0.64624554
Unknown,0.99765235
Unknown,1.0
Unknown,0.96606624
Unknown,0.9568679
Unknown,1.0
Unknown,0.80314416
Unknown,0.86124384
Unknown,0.6793209
Unknown,0.9999907
Unknown,0.99993277
Unknown,0.31266552
Unknown,0.71518195
Unknown,0.8187479
Unknown,0.5025367
Unknown,0.44164056
Unknown,0.9790739
Unknown,0.41992906
Unknown,0.7386044
Unknown,0.9645939
Unknown,0.27270374
Unknown,0.86365646
Unknown,0.8758772
Unknown,0.6380491
Unknown,0.8694568
Unknown,0.32400897
Unknown,0.43557653
Unknown,0.99999976
Unknown,1.0
Unknown,0.94765985
Unknown,0.44101584
Unknown,0.5025809
Unknown,0.97008646
Unknown,0.59051955
Unknown,0.7903602
Unknown,0.9995535
Unknown,0.4563835
Unknown,0.992512
Unknown,0.9913395
Unknown,0.97616595
Unknown,0.8991643
Unknown,0.99993396
Unknown,0.4853545
Unknown,0.9816458
Unknown,0.48158342
Unknown,0.8013438
Unknown,1.0
Unknown,0.91863567
Unknown,0.75490665
Unknown,0.9504814
Unknown,0.8004649
Unknown,0.7642434
Unknown,0.99994385
Unknown,0.3569554
Unknown,0.9999597
Unknown,0.47627658
Unknown,0.7248449
Unknown,0.3973673
Unknown,0.3247148
Unknown,0.93604314
Unknown,0.34431547
Unknown,0.29456204
Unknown,0.9959513
Unknown,0.9605707
Unknown,0.9998629
Unknown,0.99925953
Unknown,0.9658395
Unknown,0.9784968
Unknown,0.59563994
Unknown,0.50303453
Unknown,0.9999622
Unknown,0.53802115
Unknown,0.8245707
Unknown,0.87606543
Unknown,0.9305895
Unknown,0.92083865
Unknown,0.97717845
Unknown,0.7028941
Unknown,0.8924972
Unknown,0.97209924
Unknown,0.98979706
Unknown,0.99999964
Unknown,0.72581106
Unknown,0.29784337
Unknown,0.97750956
Unknown,0.9999578
Unknown,0.9185687
Unknown,0.9635464
Unknown,0.9873275
Unknown,0.404646
Unknown,0.928583
Unknown,0.99962044
Unknown,0.9872525
Unknown,0.9999999
Unknown,0.9999999
Unknown,0.89678514
Unknown,0.97817355
Unknown,0.9775423
Unknown,0.99994254
Unknown,0.9998149
Unknown,0.9991848
Unknown,0.47045058
Unknown,0.4007197
Unknown,0.99986863
Unknown,0.7922632
Unknown,0.9702497
Unknown,0.989744
Unknown,0.40637204
Unknown,0.8864558
Unknown,0.845218
Unknown,0.756269
Unknown,0.99747
Unknown,1.0
Unknown,0.99122095
Unknown,0.9780115
Unknown,0.9985677
Unknown,0.9999236
Unknown,0.9538607
Unknown,0.97973
Unknown,0.967545
Unknown,0.9998909
Unknown,0.9944003
Unknown,0.9730358
Unknown,0.73719674
Unknown,0.95106757
Unknown,0.84547675
Unknown,0.97480327
Unknown,0.93790233
Unknown,0.99748397
Unknown,0.7213801
Unknown,0.7936645
Unknown,0.6177734
Unknown,0.97426116
Unknown,0.80742526
Unknown,0.5428692
Unknown,0.694668
Unknown,0.81729585
Unknown,0.47524545
Unknown,0.8305903
Unknown,0.82354873
Unknown,0.8861311
Unknown,0.8147302
Unknown,0.98664933
Unknown,0.79564494
Unknown,0.99728084
Unknown,0.5724945
Unknown,0.9615491
Unknown,0.5976608
Unknown,0.43003842
Unknown,0.85242265
Unknown,0.7819401
Unknown,0.7697967
Unknown,0.99987173
Unknown,0.7805866
Unknown,0.977037
Unknown,0.9863652
Unknown,0.86372066
Unknown,1.0
Unknown,0.9999578
Unknown,0.9999999
Unknown,0.99879384
Unknown,0.9998011
Unknown,0.7998976
Unknown,0.845119
Unknown,0.61532867
Unknown,0.9750522
Unknown,0.96016496
Unknown,0.9999975
Unknown,0.8301136
Unknown,0.76891655
Unknown,0.8741068
Unknown,0.9034204
Unknown,0.84804153
Unknown,0.752817
Unknown,0.9750796
Unknown,0.9999964
Unknown,0.9999962
Unknown,0.35682482
Unknown,0.98821634
Unknown,0.6184033
Unknown,0.91701317
Unknown,1.0
Unknown,0.5866867
Unknown,1.0
Unknown,0.9459294
Unknown,0.9320562
Unknown,0.93964845
Unknown,1.0
Unknown,0.97941405
Unknown,0.8756147
Unknown,0.8747486
Unknown,0.8583172
Unknown,0.5015704
Unknown,0.70027983
Unknown,0.99407023
Unknown,0.9304106
Unknown,1.0
Unknown,0.83128554
Unknown,0.52349967
Unknown,0.68991005
Unknown,1.0
Unknown,0.9463061
Unknown,0.4658551
Unknown,0.94693595
Unknown,0.8450926
Unknown,0.85821563
Unknown,0.7012314
Unknown,0.77514863
Unknown,0.49774146
Unknown,0.9216223
Unknown,0.52329
Unknown,0.9753818
Unknown,0.86004907
Unknown,0.81499016
Unknown,0.6746765
Unknown,0.5134212
Unknown,0.6005589
Unknown,0.88975835
Unknown,0.99999857
Unknown,0.9226406
Unknown,0.6406359
Unknown,0.99657464
Unknown,0.9842779
Unknown,0.88994104
Unknown,0.94151735
Unknown,0.9999585
Unknown,0.999997
Unknown,0.96789235
Unknown,0.9999963
Unknown,0.9999951
Unknown,0.7239259
Unknown,0.6930579
Unknown,0.9979284
Unknown,0.98587835
Unknown,0.99981517
Unknown,0.8117843
Unknown,0.4520677
Unknown,0.97597265
Unknown,0.3888831
Unknown,0.99941254
Unknown,0.82022184
Unknown,0.61099154
Unknown,0.799101
Unknown,0.9998846
Unknown,0.62001365
Unknown,0.99999964
Unknown,0.7995923
Unknown,0.9453578
Unknown,0.7911056
Unknown,0.91970134
Unknown,0.7222683
Unknown,0.984186
Unknown,0.9999937
Unknown,0.5345825
Unknown,0.8899794
Unknown,0.6198029
Unknown,0.9983423
Unknown,0.557342
Unknown,0.5090438
Unknown,0.9990865
Unknown,0.9581722
Unknown,0.98987234
Unknown,0.9995523
Unknown,0.72193867
Unknown,0.9994067
Unknown,0.6281944
Unknown,0.758411
Unknown,0.36810848
Unknown,0.9713684
Unknown,0.9950289
Unknown,0.88185143
Unknown,0.8099204
Unknown,0.55190885
Unknown,0.99680245
Unknown,0.8588372
Unknown,0.7324766
Unknown,0.84862834
Unknown,0.9999993
Unknown,0.56188935
Unknown,0.9240056
Unknown,0.5691518
Unknown,0.9990871
Unknown,0.7834986
Unknown,0.4910454
Unknown,0.7009198
Unknown,0.7693532
Unknown,0.999923
Unknown,0.995369
Unknown,1.0
Unknown,0.79944646
Unknown,0.98547864
Unknown,0.98966205
Unknown,0.99588555
Unknown,0.99639904
Unknown,0.4869476
Unknown,0.38301104
Unknown,0.9965947
Unknown,0.99999464
Unknown,0.6729916
Unknown,0.9999926
Unknown,0.7423596
Unknown,0.9932836
Unknown,0.5017233
Unknown,0.86930573
Unknown,0.7693209
Unknown,0.8270307
Unknown,0.8788775
Unknown,0.5138861
Unknown,0.3957516
Unknown,0.889148
Unknown,0.97754014
Unknown,0.80467886
Unknown,0.8935224
Unknown,0.9987974
Unknown,0.97734606
Unknown,0.9572249
Unknown,0.99855405
Unknown,0.9958626
Unknown,0.9902446
Unknown,0.9556581
Unknown,0.56873447
Unknown,0.98295444
Unknown,0.99606776
Unknown,0.5661762
Unknown,0.6680506
Unknown,0.9860415
Unknown,0.9884425
Unknown,0.7914043
Unknown,0.69464576
Unknown,0.9917542
Unknown,0.9294877
Unknown,0.99830794
Unknown,0.8262305
Unknown,0.5201971
Unknown,0.9999956
Unknown,0.732041
Unknown,0.9927165
Unknown,0.99842155
Unknown,0.80782753
Unknown,0.5639865
Unknown,0.6895674
Unknown,0.8300422
Unknown,0.9708266
Unknown,0.99751955
Unknown,0.37225348
Unknown,0.99587303
Unknown,0.772794
Unknown,0.82490176
Unknown,0.98892164
Unknown,0.33827168
Unknown,0.8285951
Unknown,0.7185775
Unknown,0.99141824
Unknown,1.0
Unknown,0.9999862
Unknown,0.81676775
Unknown,1.0
Unknown,0.9999981
Unknown,0.8977272
Unknown,0.6482638
Unknown,0.99922144
Unknown,0.9999982
Unknown,0.95002687
Unknown,0.82794034
Unknown,0.60249186
Unknown,0.35266128
Unknown,0.9426007
Unknown,0.64910215
Unknown,0.6269958
Unknown,0.9963257
Unknown,0.9938839
Unknown,0.96220535
Unknown,0.63504046
Unknown,0.65009475
Unknown,0.42744148
Unknown,0.8844241
Unknown,0.83516186
Unknown,0.9887552
Unknown,0.70139533
Unknown,0.787471
Unknown,0.9999981
Unknown,0.97757727
Unknown,0.9747609
Unknown,0.5888071
Unknown,0.92003465
Unknown,0.99824727
Unknown,0.96795213
Unknown,0.99107146
Unknown,0.9644037
Unknown,0.9238346
Unknown,0.7739902
Unknown,0.56670165
Unknown,0.6016978
Unknown,0.55590695
Unknown,0.9747028
Unknown,0.5147096
Unknown,0.63270026
Unknown,0.99696016
Unknown,0.9999751
Unknown,0.977747
Unknown,0.48615992
Unknown,0.99889576
Unknown,0.9988325
Unknown,1.0
Unknown,0.4928202
Unknown,0.9776921
Unknown,0.8256082
Unknown,0.99173623
Unknown,0.9910233
Unknown,0.63712096
Unknown,0.740642
Unknown,0.9999206
Unknown,0.8507951
Unknown,0.9443618
Unknown,0.9159071
Unknown,0.6808112
Unknown,0.9794774
Unknown,0.80258536
Unknown,0.6382678
Unknown,0.52810544
Unknown,0.99999833
Unknown,0.99998975
Unknown,0.9987224
Unknown,0.8107029
Unknown,0.8231094
Unknown,0.99273163
Unknown,0.9999993
Unknown,0.9322768
Unknown,0.9138603
Unknown,0.9999995
Unknown,0.3880917
Unknown,0.99996555
Unknown,0.96825254
Unknown,0.4183989
Unknown,0.9878571
Unknown,0.9362906
Unknown,0.54047364
Unknown,0.99208987
Unknown,0.9992705
Unknown,0.9541033
Unknown,0.75416887
Unknown,1.0
Unknown,0.8840349
Unknown,0.9126574
Unknown,0.8119579
Unknown,0.8094357
Unknown,1.0
Unknown,0.9888608
Unknown,0.77541906
Unknown,0.76827013
Unknown,0.9999993
Unknown,0.98061794
Unknown,1.0
Unknown,0.999959
Unknown,0.9999578
Unknown,0.2764157
Unknown,0.99550325
Unknown,0.99249554
Unknown,0.64896965
Unknown,0.95118725
Unknown,0.9860952
Unknown,0.98884904
Unknown,0.5815228
Unknown,0.99980956
Unknown,0.99923694
Unknown,0.9999528
Unknown,0.9597884
Unknown,0.9978016
Unknown,0.70858675
Unknown,0.52992827
Unknown,0.6501582
Unknown,0.9883867
Unknown,0.82751685
Unknown,0.39484546
Unknown,0.98975694
Unknown,0.52897626
Unknown,0.99253184
Unknown,0.9995254
Unknown,1.0
Unknown,0.9348004
Unknown,0.9997626
Unknown,0.9998729
Unknown,0.7200757
Unknown,0.8909937
Unknown,0.54681057
Unknown,0.99975413
Unknown,0.99813724
Unknown,0.88775504
Unknown,0.9762574
Unknown,0.9999989
Unknown,1.0
Unknown,0.9925721
Unknown,0.9802688
Unknown,0.9091829
Unknown,0.7403394
Unknown,1.0
Unknown,0.9979668
Unknown,0.64752567
Unknown,0.50871056
Unknown,0.42721868
Unknown,0.9996687
Unknown,0.6506212
Unknown,0.72721547
Unknown,0.7898475
Unknown,0.73280394
Unknown,0.99999034
Unknown,0.5994381
Unknown,0.9716205
Unknown,0.8256705
Unknown,0.93167925
Unknown,0.9993291
Unknown,0.9985682
Unknown,0.99809235
Unknown,0.8999129
Unknown,0.65745807
Unknown,0.68228275
Unknown,0.8265807
Unknown,0.8030311
Unknown,0.6730843
Unknown,0.8956463
Unknown,0.91288817
Unknown,0.99542505
Unknown,0.9994667
Unknown,0.8026011
Unknown,0.90207815
Unknown,0.5776827
Unknown,0.93447363
Unknown,0.48380134
Unknown,0.78804195
Unknown,0.8976763
Unknown,0.99999845
Unknown,0.9275521
Unknown,0.28391647
Unknown,0.95488113
Unknown,0.8633224
Unknown,0.98385876
Unknown,0.65310955
Unknown,0.9996606
Unknown,0.9276347
Unknown,0.9836496
Unknown,0.9996828
Unknown,0.99987316
Unknown,0.68045855
Unknown,0.7695566
Unknown,0.93618834
Unknown,0.8447552
Unknown,0.9736395
Unknown,0.791504
Unknown,0.6864675
Unknown,0.9998925
Unknown,0.99943346
Unknown,0.9999454
Unknown,0.28819406
Unknown,0.9999994
Unknown,0.9999082
Unknown,0.90018725
Unknown,0.8346048
Unknown,0.8632395
Unknown,0.83998805
Unknown,0.9956097
Unknown,0.9157248
Unknown,0.9996063
Unknown,0.9208866
Unknown,0.46935967
Unknown,0.50455713
Unknown,0.76046216
Unknown,0.49004602
Unknown,0.71933395
Unknown,0.55072284
Unknown,0.68282133
Unknown,0.9680891
Unknown,1.0
Unknown,0.3616575
Unknown,0.670699
Unknown,1.0
Unknown,0.54488933
Unknown,0.94771785
Unknown,0.3501459
Unknown,0.74784946
Unknown,0.8027383
Unknown,0.9257717
Unknown,0.99385875
Unknown,0.88714844
Unknown,0.69364506
Unknown,0.5716701
Unknown,0.97278845
Unknown,0.9412747
Unknown,0.9999945
Unknown,0.982232
Unknown,0.99073094
Unknown,0.95316154
Unknown,0.7686227
Unknown,0.99191236
Unknown,0.41383368
Unknown,0.5676394
Unknown,0.66333103
Unknown,0.900588
Unknown,0.8445336
Unknown,0.8984543
Unknown,0.9276969
Unknown,0.93588597
Unknown,0.98795766
Unknown,0.8992033
Unknown,0.48499656
Unknown,0.5638573
Unknown,0.59576774
Unknown,0.95921034
Unknown,0.81662214
Unknown,0.724082
Unknown,0.70957786
Unknown,0.99951124
Unknown,0.9999989
Unknown,0.7651304
Unknown,0.9511121
Unknown,0.8854617
Unknown,0.9910779
Unknown,1.0
Unknown,0.6128952
Unknown,0.95234275
Unknown,0.53303635
Unknown,0.41294488
Unknown,0.93047756
Unknown,0.9915038
Unknown,0.9057036
Unknown,0.6391115
Unknown,0.49562338
Unknown,0.9335093
Unknown,0.861748
Unknown,0.41621915
Unknown,0.55087495
Unknown,0.3425007
Unknown,0.98667973
Unknown,0.8309416
Unknown,0.99431807
Unknown,0.87700975
Unknown,0.72989523
Unknown,0.5656413
Unknown,0.8256326
Unknown,0.88011396
Unknown,0.99882215
Unknown,0.99998903
Unknown,0.75080436
Unknown,0.95307255
Unknown,1.0
Unknown,0.79784167
Unknown,0.8703252
Unknown,0.37154385
Unknown,0.9839972
Unknown,0.99999094
Unknown,0.82104653
Unknown,0.9260602
Unknown,0.9999999
Unknown,0.98867995
Unknown,0.7265922
Unknown,0.9984314
Unknown,0.6206747
Unknown,0.4617731
Unknown,0.9081942
Unknown,0.498809
Unknown,0.51794654
Unknown,0.9966564
Unknown,0.96616817
Unknown,0.7862021
Unknown,0.51806486
Unknown,0.87168115
Unknown,0.95642364
Unknown,0.81653166
Unknown,0.9687228
Unknown,0.6139351
Unknown,0.8830162
Unknown,1.0
Unknown,0.638393
Unknown,0.27515337
Unknown,0.9508318
Unknown,0.99658257
Unknown,0.6487767
Unknown,0.9962347
Unknown,0.385555
Unknown,0.99135876
Unknown,0.99042004
Unknown,0.99995756
Unknown,0.9718409
Unknown,0.998235
Unknown,0.5217335
Unknown,0.74869627
Unknown,0.95698345
Unknown,0.49564257
Unknown,0.41558066
Unknown,0.9971553
Unknown,0.70486677
Unknown,0.8303552
Unknown,0.8448681
Unknown,0.827124
Unknown,0.37926018
Unknown,1.0
Unknown,0.99999964
Unknown,0.65024614
Unknown,1.0
Unknown,0.46084395
Unknown,0.9829489
Unknown,0.3447137
Unknown,0.999716
Unknown,0.7097498
Unknown,0.58043504
Unknown,0.9999976
Unknown,0.9803868
Unknown,0.9879921
Unknown,0.99461174
Unknown,0.50657964
Unknown,0.94365704
Unknown,0.99999917
Unknown,0.9995765
Unknown,0.9754871
Unknown,0.99835336
Unknown,0.66154647
Unknown,0.49046996
Unknown,0.74231946
Unknown,0.5715581
Unknown,0.40889996
Unknown,0.45498428
Unknown,0.4739009
Unknown,0.6152367
Unknown,1.0
Unknown,0.95387006
Unknown,0.4565615
Unknown,0.8446974
Unknown,0.9979025
Unknown,0.34545618
Unknown,0.85712045
Unknown,0.62267035
Unknown,0.8967653
Unknown,0.78119314
Unknown,0.99173987
Unknown,0.83987623
Unknown,0.52936995
Unknown,0.85700566
Unknown,0.6181856
Unknown,0.5919504
Unknown,0.5001695
Unknown,0.52490675
Unknown,0.47500747
Unknown,0.52911234
Unknown,0.99006104
Unknown,0.5268726
Unknown,0.25720206
Unknown,0.73527807
Unknown,0.9823958
Unknown,0.99940646
Unknown,0.9302577
Unknown,1.0
Unknown,0.52130544
Unknown,0.93576163
Unknown,0.99980336
Unknown,0.78876454
Unknown,0.37449804
Unknown,0.99663323
Unknown,0.9798877
Unknown,0.33648163
Unknown,0.763154
Unknown,0.59788805
Unknown,0.3775239
Unknown,0.9999273
Unknown,0.99996614
Unknown,0.9992175
Unknown,0.9999331
Unknown,0.9980531
Unknown,0.9999747
Unknown,0.99998736
Unknown,0.99901474
Unknown,0.75746113
Unknown,0.9026231
Unknown,0.8746256
Unknown,0.5662109
Unknown,0.8459592
Unknown,0.9999976
Unknown,0.5301287
Unknown,0.84456074
Unknown,0.9663873
Unknown,0.48973128
Unknown,0.5711152
Unknown,0.5922108
Unknown,0.5663077
Unknown,0.80438864
Unknown,0.99620205
Unknown,0.89644647
Unknown,0.99992657
Unknown,0.5321307
Unknown,0.9995629
Unknown,0.9992706
Unknown,0.5698904
Unknown,0.34427524
Unknown,0.53411615
Unknown,0.92215
Unknown,0.72280675
Unknown,0.51683986
Unknown,0.89915115
Unknown,0.950422
Unknown,0.38371256
Unknown,0.7439011
Unknown,0.6453985
Unknown,0.99973685
Unknown,0.87539387
Unknown,0.80807656
Unknown,0.8275478
Unknown,0.5751813
Unknown,0.61117744
Unknown,0.508642
Unknown,0.9088156
Unknown,0.8631366
Unknown,0.37255782
Unknown,0.9992028
Unknown,0.45356297
Unknown,0.99996984
Unknown,0.768931
Unknown,0.90163887
Unknown,0.94758093
Unknown,0.93191814
Unknown,0.57442856
Unknown,0.93241763
Unknown,0.99999535
Unknown,0.7331671
Unknown,0.62022716
Unknown,0.58793455
Unknown,0.46461648
Unknown,0.96811074
Unknown,0.88324183
Unknown,0.99703586
Unknown,0.99999976
Unknown,0.912072
Unknown,0.82518715
Unknown,0.919365
Unknown,0.9984524
Unknown,0.8230146
Unknown,0.9999988
Unknown,0.9999807
Unknown,0.97361803
Unknown,0.7059078
Unknown,0.94797605
Unknown,0.99999905
Unknown,0.92959327
Unknown,0.97441554
Unknown,0.5962019
Unknown,0.9117837
Unknown,0.5421073
Unknown,0.9999901
Unknown,0.90020376
Unknown,0.5476036
Unknown,0.83477026
Unknown,0.87066686
Unknown,0.99999917
Unknown,0.9999993
Unknown,0.6784876
Unknown,0.91571933
Unknown,0.4700455
Unknown,0.51706946
Unknown,0.9427733
Unknown,0.9686498
Unknown,0.90496635
Unknown,0.92382723
Unknown,0.5337182
Unknown,0.56821316
Unknown,0.7414684
Unknown,0.98056555
Unknown,0.9779965
Unknown,0.9950654
Unknown,0.9760666
Unknown,0.9522275
Unknown,0.5251262
Unknown,0.99852055
Unknown,0.99993956
Unknown,0.99939597
Unknown,0.99838114
Unknown,0.55516005
Unknown,0.99967825
Unknown,0.5679839
Unknown,0.9191336
Unknown,0.99993515
Unknown,0.5711277
Unknown,0.44614813
Unknown,0.30626816
Unknown,0.5586999
Unknown,0.5939033
Unknown,0.9670806
Unknown,0.8522949
Unknown,0.85590416
Unknown,0.9999995
Unknown,0.9999969
Unknown,0.9998603
Unknown,0.36176193
Unknown,0.3944748
Unknown,0.99990535
Unknown,0.96697503
Unknown,0.9999988
Unknown,0.6427574
Unknown,0.51278466
Unknown,0.53207254
Unknown,0.855137
Unknown,0.74334484
Unknown,0.9758129
Unknown,0.980993
Unknown,0.84058803
Unknown,0.73060656
Unknown,0.5343947
Unknown,0.9999999
Unknown,0.9575265
Unknown,0.62478113
Unknown,0.7055768
Unknown,0.9999931
Unknown,0.9999485
Unknown,0.7760515
Unknown,0.9604235
Unknown,0.69828486
Unknown,0.64731675
Unknown,0.9999578
Unknown,0.79447234
Unknown,0.9995285
Unknown,0.6231666
Unknown,0.90041894
Unknown,0.956947
Unknown,0.58958805
Unknown,0.99934417
Unknown,0.9939651
Unknown,0.44846117
Unknown,0.4822844
Unknown,0.8858042
Unknown,0.51325715
Unknown,0.5607041
Unknown,0.49053353
Unknown,0.94024235
Unknown,0.91372824
Unknown,0.7508673
Unknown,0.6900317
Unknown,0.95224977
Unknown,0.9784233
Unknown,0.96493816
Unknown,0.91501576
Unknown,0.99582326
Unknown,0.60935545
Unknown,0.4199407
Unknown,0.73906356
Unknown,1.0
Unknown,0.8156322
Unknown,0.44297978
Unknown,0.98153263
Unknown,0.69706327
Unknown,0.60855293
Unknown,0.7655516
Unknown,0.9068451
Unknown,0.4647217
Unknown,0.9833197
Unknown,0.5908846
Unknown,0.93758553
Unknown,0.72547704
Unknown,0.5027292
Unknown,0.5692644
Unknown,0.6507623
Unknown,0.9968405
Unknown,0.69831616
Unknown,0.99460405
Unknown,0.9223708
Unknown,0.60855395
Unknown,0.96755844
Unknown,0.5162338
Unknown,0.9978083
Unknown,0.9572338
Unknown,0.9990545
Unknown,0.76498073
Unknown,0.6352573
Unknown,0.9993192
Unknown,0.6013164
Unknown,0.7158318
Unknown,0.50665534
Unknown,0.9800934
Unknown,0.7601018
Unknown,0.6872059
Unknown,0.9656497
Unknown,0.9997428
Unknown,0.96747756
Unknown,0.9463887
Unknown,0.4218909
Unknown,0.4466512
Unknown,0.66334105
Unknown,0.6089475
Unknown,0.96604544
Unknown,0.9961849
Unknown,0.503739
Unknown,0.99952865
Unknown,0.818626
Unknown,0.56651545
Unknown,0.999985
Unknown,0.935839
Unknown,0.99610436
Unknown,0.9936301
Unknown,0.50242406
Unknown,0.822438
Unknown,0.9574152
Unknown,0.60065925
Unknown,1.0
Unknown,0.88252383
Unknown,0.67533463
Unknown,0.99809283
Unknown,0.9980117
Unknown,0.99707127
Unknown,0.9999106
Unknown,0.9342998
Unknown,0.9627489
Unknown,0.57732
Unknown,0.9996132
Unknown,0.76635754
Unknown,0.9997874
Unknown,0.99997187
Unknown,0.9858817
Unknown,0.94520557
Unknown,0.80492896
Unknown,0.95265007
Unknown,0.9499392
Unknown,0.9405977
Unknown,0.9966383
Unknown,0.99791986
Unknown,0.99885213
Unknown,0.64244235
Unknown,0.9970011
Unknown,0.6963307
Unknown,0.50178313
Unknown,0.99994195
Unknown,0.3113993
Unknown,0.51186377
Unknown,0.98714983
Unknown,0.6712133
Unknown,0.9640631
Unknown,0.9994394
Unknown,0.9991617
Unknown,0.9395179
Unknown,0.8203955
Unknown,0.99284744
Unknown,0.7046857
Unknown,0.9366053
Unknown,0.72199386
Unknown,0.9630974
Unknown,0.57638764
Unknown,0.99999905
Unknown,0.9580838
Unknown,0.38349152
Unknown,0.49588695
Unknown,0.9690571
Unknown,0.9775703
Unknown,0.89663506
Unknown,0.62955034
Unknown,0.6057588
Unknown,0.9276221
Unknown,0.58091533
Unknown,0.77577174
Unknown,0.6774121
Unknown,0.97823274
Unknown,0.9090655
Unknown,0.99999976
Unknown,0.5311879
Unknown,0.632249
Unknown,0.98478645
Unknown,0.95456463
Unknown,0.95099056
Unknown,0.70807093
Unknown,0.9742779
Unknown,0.9997695
Unknown,0.8359783
Unknown,0.9994134
Unknown,0.8778851
Unknown,0.9754851
Unknown,0.6916943
Unknown,0.9995484
Unknown,0.99999535
Unknown,0.8062055
Unknown,0.9950299
Unknown,0.99222857
Unknown,0.99800974
Unknown,0.8983295
Unknown,0.6339033
Unknown,0.55616814
Unknown,0.980272
Unknown,0.99187136
Unknown,0.5595834
Unknown,0.99995637
Unknown,0.83996457
Unknown,0.9999465
Unknown,0.72764087
Unknown,0.99966407
Unknown,0.9878539
Unknown,0.9999993
Unknown,0.48724225
Unknown,0.97569364
Unknown,0.39479378
Unknown,0.86963093
Unknown,0.52774614
Unknown,0.9997367
Unknown,0.66977507
Unknown,0.5348237
Unknown,0.86923736
Unknown,0.55270463
Unknown,0.9994677
Unknown,0.7391495
Unknown,0.41112924
Unknown,0.9996861
Unknown,0.99982363
Unknown,0.5939419
Unknown,0.98791564
Unknown,0.87042767
Unknown,0.91887134
Unknown,0.5882829
Unknown,0.9979966
Unknown,0.93239397
Unknown,0.9903454
Unknown,0.46244478
Unknown,0.7088249
Unknown,0.81768143
Unknown,0.7219113
Unknown,1.0
Unknown,0.62639225
Unknown,0.9927763
Unknown,0.99404484
Unknown,0.98363495
Unknown,0.62450886
Unknown,0.78394175
Unknown,1.0
Unknown,0.46692336
Unknown,0.7118668
Unknown,0.9589054
Unknown,0.99999976
Unknown,0.6601295
Unknown,0.99307406
Unknown,0.6222857
Unknown,0.9997687
Unknown,0.99901235
Unknown,0.7780713
Unknown,0.4994049
Unknown,0.90772754
Unknown,0.99513704
Unknown,0.9999546
Unknown,0.59852445
Unknown,0.64826274
Unknown,0.97104126
Unknown,0.95110327
Unknown,0.5194024
Unknown,0.7200406
Unknown,0.53064644
Unknown,0.5794208
Unknown,0.9999994
Unknown,0.31946856
Unknown,0.9999527
Unknown,0.9965958
Unknown,0.5164648
Unknown,0.62046474
Unknown,1.0
Unknown,0.99852765
Unknown,0.98071724
Unknown,0.9998307
Unknown,0.21701005
Unknown,1.0
Unknown,0.99997294
Unknown,0.70635635
Unknown,0.91654956
Unknown,0.9999895
Unknown,0.6771054
Unknown,0.9705942
Unknown,0.923833
Unknown,0.99702185
Unknown,0.99577206
Unknown,0.9996074
Unknown,0.46132246
Unknown,0.9999976
Unknown,0.8992994
Unknown,0.8843706
Unknown,0.99835455
Unknown,0.79204744
Unknown,0.9837816
Unknown,1.0
Unknown,0.6606505
Unknown,0.98726195
Unknown,1.0
Unknown,0.8644813
Unknown,0.569788
Unknown,0.74498063
Unknown,0.8415478
Unknown,0.4236542
Unknown,0.99552566
Unknown,0.99999714
Unknown,0.9631997
Unknown,1.0
Unknown,0.73721606
Unknown,0.99999976
Unknown,0.7943877
Unknown,0.50996417
Unknown,0.2834463
Unknown,0.6963273
Unknown,0.9969747
Unknown,0.94845194
Unknown,0.86748475
Unknown,0.9602362
Unknown,0.9999962
Unknown,0.64058536
Unknown,0.9818854
Unknown,0.8126221
Unknown,0.9631851
Unknown,0.8146068
Unknown,0.90571105
Unknown,0.9630802
Unknown,0.98533964
Unknown,0.9735909
Unknown,0.65071744
Unknown,0.7044005
Unknown,1.0
Unknown,0.83712053
Unknown,0.41619867
Unknown,0.9000182
Unknown,0.93803114
Unknown,0.9832948
Unknown,0.90533084
Unknown,0.79990214
Unknown,0.8891033
Unknown,0.97774655
Unknown,0.44359472
Unknown,0.9955611
Unknown,1.0
Unknown,0.93057615
Unknown,0.99999714
Unknown,0.69236666
Unknown,0.9880703
Unknown,0.41170406
Unknown,1.0
Unknown,0.58395123
Unknown,0.9998834
Unknown,0.7426035
Unknown,0.9774994
Unknown,0.30654994
Unknown,0.896691
Unknown,0.99881834
Unknown,0.76643527
Unknown,0.839264
Unknown,0.9265747
Unknown,0.9353106
Unknown,0.95936424
Unknown,0.974519
Unknown,0.94066083
Unknown,0.5621897
Unknown,0.5940787
Unknown,0.58330524
Unknown,0.84210485
Unknown,0.973927
Unknown,0.9596754
Unknown,0.565729
Unknown,0.9133096
Unknown,0.70128906
Unknown,0.9971942
Unknown,0.8765022
Unknown,0.7775156
Unknown,0.7987806
Unknown,0.75460345
Unknown,0.43418434
Unknown,0.2981578
Unknown,0.99994826
Unknown,0.5335454
Unknown,0.67793345
Unknown,0.813378
Unknown,0.9040611
Unknown,0.8578213
Unknown,0.5875961
Unknown,0.9402801
Unknown,0.7051191
Unknown,0.711799
Unknown,0.57569647
Unknown,0.9491946
Unknown,0.67385525
Unknown,0.4670467
Unknown,0.95436937
Unknown,0.9544591
Unknown,0.83307445
Unknown,0.99614954
Unknown,0.77324927
Unknown,0.4911156
Unknown,0.49956343
Unknown,0.52886015
Unknown,0.9755662
Unknown,0.79536384
Unknown,0.8973095
Unknown,0.63866127
Unknown,0.9358255
Unknown,0.9008224
Unknown,0.980339
Unknown,0.9949679
Unknown,0.8836032
Unknown,0.88389826
Unknown,0.72754985
Unknown,0.61613345
Unknown,0.9616558
Unknown,0.9540103
Unknown,0.7145374
Unknown,0.6809191
Unknown,0.93997407
Unknown,0.6103743
Unknown,0.71440625
Unknown,0.86564684
Unknown,0.99993145
Unknown,0.9999316
Unknown,0.89157796
Unknown,0.76971054
Unknown,0.7951887
Unknown,0.99990475
Unknown,0.96482366
Unknown,0.52877104
Unknown,0.9999995
Unknown,0.7981904
Unknown,0.70199734
Unknown,0.7834459
Unknown,0.974483
Unknown,0.7749296
Unknown,0.8470311
Unknown,0.979702
Unknown,0.92886424
Unknown,0.99966633
Unknown,0.9997131
Unknown,0.88599324
Unknown,0.996434
Unknown,0.98681253
Unknown,0.9061153
Unknown,0.7448418
Unknown,0.9988689
Unknown,0.9158144
Unknown,0.45822597
Unknown,0.93561584
Unknown,0.9995473
Unknown,0.47642082
Unknown,1.0
Unknown,1.0
Unknown,0.88812697
Unknown,0.7692813
Unknown,0.90282786
Unknown,1.0
Unknown,1.0
Unknown,1.0
Unknown,1.0
Unknown,1.0
Unknown,1.0
Unknown,0.9989833
Unknown,0.99999845
Unknown,0.99965
Unknown,0.99996746
Unknown,1.0
Unknown,1.0
Unknown,1.0
Unknown,1.0
Unknown,1.0
Unknown,1.0
Unknown,1.0
Unknown,1.0
Unknown,0.99998975
Unknown,1.0
Unknown,1.0
Unknown,1.0
Unknown,1.0
Unknown,1.0
Unknown,1.0
Unknown,1.0
Unknown,0.9999999
Unknown,0.99670535
Unknown,0.9999546
Unknown,1.0
Unknown,0.99999464
Unknown,1.0
Unknown,1.0
Unknown,0.9999999
Unknown,0.9999764
Unknown,1.0
Unknown,1.0
Unknown,1.0
Unknown,0.9999999
Unknown,1.0
Unknown,0.99997103
Unknown,0.9999409
Unknown,0.9999999
Unknown,1.0
Unknown,1.0
Unknown,1.0
Unknown,1.0
Unknown,0.48483577
Unknown,1.0
Unknown,1.0
Unknown,0.99939835
Unknown,0.9999995
Unknown,1.0
Unknown,0.9999999
Unknown,1.0
Unknown,0.93845814
Unknown,1.0
Unknown,1.0
Unknown,1.0
Unknown,1.0
Unknown,0.5004616
Unknown,0.69725347
Unknown,0.84249103
Unknown,0.73111
Unknown,0.99575716
Unknown,0.44818482
Unknown,0.29854023
Unknown,0.59327275
Unknown,0.9538902
Unknown,0.407005
Unknown,0.92586845
Unknown,0.94696695
Unknown,0.9998996
Unknown,0.98442286
Unknown,0.99900335
Unknown,0.97016954
Unknown,0.713004
Unknown,0.855694
Unknown,0.8025872
Unknown,0.719888
Unknown,1.0
Unknown,0.702351
Unknown,0.4934737
Unknown,0.96768135
Unknown,0.9962721
Unknown,0.6898646
Unknown,0.9999926
Unknown,0.93832785
Unknown,0.6584441
Unknown,0.33183244
Unknown,0.9298138
Unknown,0.96858037
Unknown,0.98681587
Unknown,0.99361503
Unknown,0.46155587
Unknown,0.7769235
Unknown,0.47176918
Unknown,0.34899688
Unknown,0.7523561
Unknown,0.49615115
Unknown,0.9837445
Unknown,0.9963955
Unknown,0.9473855
Unknown,0.9955225
Unknown,1.0
Unknown,0.92340684
Unknown,0.6266197
Unknown,0.4829419
Unknown,0.6429886
Unknown,0.75661606
Unknown,0.3388848
Unknown,0.9998332
Unknown,0.7541756
Unknown,0.8488541
Unknown,0.8670543
Unknown,0.5844538
Unknown,0.85076565
Unknown,0.9134932
Unknown,0.96443594
Unknown,0.9970553
Unknown,0.9779735
Unknown,0.99985635
Unknown,0.47192895
Unknown,0.99904305
Unknown,0.7842662
Unknown,0.9941081
Unknown,0.8772129
Unknown,0.27711904
Unknown,0.4623768
Unknown,1.0
Unknown,0.6564302
Unknown,0.9932934
Unknown,0.5589701
Unknown,0.750049
Unknown,0.9996006
Unknown,0.71463484
Unknown,0.99761283
Unknown,0.9994636
Unknown,0.9912243
Unknown,0.9999994
Unknown,0.64641356
Unknown,0.9856792
Unknown,0.74944437
Unknown,0.9660944
Unknown,0.9240953
Unknown,0.79960144
Unknown,0.63735306
Unknown,0.9993771
Unknown,0.37579516
Unknown,0.43369102
Unknown,0.76151896
Unknown,0.9866963
Unknown,0.32415026
Unknown,0.9365678
Unknown,0.6176385
Unknown,0.9842158
Unknown,0.84892625
Unknown,0.9739062
Unknown,0.9723805
Unknown,0.99545395
Unknown,0.7129071
Unknown,0.49335235
Unknown,0.37466952
Unknown,0.9950499
Unknown,0.64738023
Unknown,0.99228716
Unknown,0.78977656
Unknown,0.9037559
Unknown,0.55028987
Unknown,0.9982666
Unknown,0.6900316
Unknown,0.99922657
Unknown,0.9977139
Unknown,0.46319914
Unknown,0.4362226
Unknown,0.96348244
Unknown,0.4694798
Unknown,0.69232583
Unknown,0.84957135
Unknown,0.9474997
Unknown,0.9966601
Unknown,0.6524701
Unknown,0.76316386
Unknown,1.0
Unknown,0.9769726
Unknown,0.9228448
Unknown,0.8626908
Unknown,0.9299909
Unknown,0.9810632
Unknown,0.8956072
Unknown,0.7435499
Unknown,0.8616823
Unknown,0.4888085
Unknown,0.9876863
Unknown,0.94836533
Unknown,0.8102069
Unknown,0.5918551
Unknown,0.8637387
Unknown,0.74673814
Unknown,0.8649231
Unknown,0.5120152
Unknown,0.9982229
Unknown,0.99856925
Unknown,0.99993765
Unknown,0.9999881
Unknown,0.8956852
Unknown,0.9827619
Unknown,0.88291687
Unknown,0.8866958
Unknown,0.19387117
Unknown,0.9303462
Unknown,0.96171916
Unknown,0.9147557
Unknown,0.9610694
Unknown,0.27788332
Unknown,0.8634143
Unknown,0.9164313
Unknown,0.5871962
Unknown,0.726894
Unknown,0.9994356
Unknown,0.9045639
Unknown,0.96564263
Unknown,0.9977175
Unknown,0.6441603
Unknown,0.9999777
Unknown,0.99197984
Unknown,0.94861466
Unknown,0.42738163
Unknown,0.9263882
Unknown,0.9927194
Unknown,0.9953804
Unknown,0.97963274
Unknown,0.98400235
Unknown,0.7085523
Unknown,0.89239675
Unknown,0.814399
Unknown,0.9517335
Unknown,0.9797686
Unknown,0.7490189
Unknown,0.49890104
Unknown,0.5216857
Unknown,0.28561717
Unknown,0.7167452
Unknown,0.69610834
Unknown,0.99999976
Unknown,0.27641392
Unknown,0.35967237
Unknown,1.0
Unknown,0.9828303
Unknown,0.35474986
Unknown,0.6798158
Unknown,0.9871537
Unknown,0.9957027
Unknown,0.9963553
Unknown,0.9963599
Unknown,0.8031221
Unknown,0.7788052
Unknown,0.95835435
Unknown,0.9920523
Unknown,0.45913306
Unknown,0.48739082
Unknown,0.9857845
Unknown,0.8989406
Unknown,0.9521261
Unknown,0.9964683
Unknown,0.8560916
Unknown,0.6388896
Unknown,0.74459267
Unknown,0.8391349
Unknown,0.60918313
Unknown,0.98867947
Unknown,0.290524
Unknown,0.9999999
Unknown,0.8513801
Unknown,0.42691478
Unknown,0.99801326
Unknown,0.56848043
Unknown,0.7358338
Unknown,0.45563036
Unknown,0.9387122
Unknown,0.80112016
Unknown,0.9529482
Unknown,1.0
Unknown,0.22333384
Unknown,0.48547596
Unknown,0.98444897
Unknown,0.87802327
Unknown,0.9287303
Unknown,0.6992148
Unknown,0.864366
Unknown,0.9966401
Unknown,0.81137544
Unknown,0.79354787
Unknown,0.97959226
Unknown,0.36600527
Unknown,0.9425576
Unknown,0.947479
Unknown,0.90027815
Unknown,0.6182845
Unknown,0.7568357
Unknown,0.6601054
Unknown,0.7206696
Unknown,0.55769485
Unknown,0.9997154
Unknown,0.9182595
Unknown,0.8768281
Unknown,0.976562
Unknown,0.5344433
Unknown,0.6608201
Unknown,0.75365025
Unknown,0.47509038
Unknown,0.81692433
Unknown,0.97568583
Unknown,0.97784597
Unknown,0.99999654
Unknown,0.9999994
Unknown,0.49449503
Unknown,0.8509081
Unknown,0.9857087
Unknown,0.9994844
Unknown,0.9902174
Unknown,0.28471953
Unknown,0.57643086
Unknown,0.8303372
Unknown,0.99325114
Unknown,0.92755735
Unknown,0.85685885
Unknown,0.7859159
Unknown,0.6670329
Unknown,0.4568351
Unknown,0.9511723
Unknown,0.9631208
Unknown,0.82428026
Unknown,0.36175472
Unknown,0.70305526
Unknown,0.6287295
Unknown,0.995468
Unknown,0.90486073
Unknown,0.98353416
Unknown,0.8619925
Unknown,0.82515687
Unknown,0.76610804
Unknown,0.9485695
Unknown,0.5001516
Unknown,0.49083525
Unknown,0.7212476
Unknown,0.7708755
Unknown,0.50532
Unknown,0.9987575
Unknown,0.9313518
Unknown,0.99194324
Unknown,0.9882824
Unknown,0.3436572
Unknown,0.99811614
Unknown,0.9938624
Unknown,0.6082885
Unknown,0.9404829
Unknown,0.9610387
Unknown,0.99999976
Unknown,0.9634814
Unknown,0.7487828
Unknown,0.8691391
Unknown,0.9983612
Unknown,0.87287325
Unknown,0.9996973
Unknown,0.68479276
Unknown,0.8695736
Unknown,0.9603548
Unknown,0.55578053
Unknown,0.4143553
Unknown,1.0
Unknown,0.99092495
Unknown,0.50320995
Unknown,0.9999956
Unknown,0.8849124
Unknown,0.99975616
Unknown,0.99100304
Unknown,0.80742335
Unknown,0.8949201
Unknown,0.99999475
Unknown,0.6469478
Unknown,0.5289697
Unknown,0.9735006
Unknown,0.55365574
Unknown,0.6338853
Unknown,0.96732605
Unknown,0.99574536
Unknown,0.9970898
Unknown,0.9616082
Unknown,0.9974783
Unknown,0.38575864
Unknown,0.87301445
Unknown,0.85916847
Unknown,0.96834385
Unknown,0.48831722
Unknown,0.4885416
Unknown,0.7672536
Unknown,0.97113156
Unknown,0.43490875
Unknown,0.7473273
Unknown,0.9945884
Unknown,0.8068409
Unknown,0.9711467
Unknown,0.71959203
Unknown,0.9331528
Unknown,0.5378745
Unknown,0.8079553
Unknown,0.7677607
Unknown,0.92147285
Unknown,0.6388068
Unknown,0.57711524
Unknown,0.98791677
Unknown,0.59033674
Unknown,0.65547943
Unknown,0.5423717
Unknown,0.98424006
Unknown,0.99643254
Unknown,0.7325932
Unknown,0.4023285
Unknown,0.9957865
Unknown,0.67297333
Unknown,0.99998736
Unknown,0.85813195
Unknown,0.61119765
Unknown,0.91836274
Unknown,0.74469906
Unknown,0.8081083
Unknown,1.0
Unknown,0.9960373
Unknown,0.9999291
Unknown,0.8177825
Unknown,0.8394228
Unknown,0.81770825
Unknown,0.79350275
Unknown,0.9999968
Unknown,0.99901986
Unknown,0.9994789
Unknown,0.9999919
Unknown,0.99830806
Unknown,0.7534424
Unknown,0.5692201
Unknown,0.9990564
Unknown,0.99998105
Unknown,0.9995623
Unknown,0.5066103
Unknown,0.5144341
Unknown,0.5904498
Unknown,1.0
Unknown,1.0
Unknown,0.8924776
Unknown,0.9667847
Unknown,0.7749404
Unknown,0.92819285
Unknown,0.99467444
Unknown,0.91044134
Unknown,0.42884046
Unknown,0.58433175
Unknown,0.64154947
Unknown,0.31343758
Unknown,0.5328816
Unknown,1.0
Unknown,0.9265218
Unknown,0.98350346
Unknown,0.88402635
Unknown,0.9713234
Unknown,0.85554725
Unknown,0.9998097
Unknown,0.6217498
Unknown,0.95708853
Unknown,0.9901924
Unknown,0.9999261
Unknown,0.99995375
Unknown,0.9630118
Unknown,0.7728
Unknown,0.74924064
Unknown,0.5880903
Unknown,0.9891344
Unknown,0.66406053
Unknown,0.99971396
Unknown,0.9717288
Unknown,0.8813733
Unknown,0.46913198
Unknown,0.85317886
Unknown,0.90437734
Unknown,0.84382606
Unknown,0.9832893
Unknown,0.996777
Unknown,0.6364956
Unknown,0.9999976
Unknown,0.9850626
Unknown,0.8318428
Unknown,0.9617073
Unknown,0.976562
Unknown,0.69138664
Unknown,0.6684402
Unknown,0.6829933
Unknown,0.99042726
Unknown,0.54669756
Unknown,0.8399074
Unknown,0.63414466
Unknown,0.99614525
Unknown,0.556843
Unknown,0.9605762
Unknown,0.50819427
Unknown,0.5954048
Unknown,0.4051885
Unknown,0.5051035
Unknown,0.9719287
Unknown,0.99984
Unknown,0.6665527
Unknown,0.89612114
Unknown,0.9926224
Unknown,0.8884185
Unknown,0.85554975
Unknown,0.3744239
Unknown,0.99966836
Unknown,0.5242312
Unknown,0.99991035
Unknown,0.99708277
Unknown,0.9995153
Unknown,0.39767396
Unknown,0.9993734
Unknown,0.9970011
Unknown,0.9201983
Unknown,0.97854966
Unknown,0.32288343
Unknown,0.9330066
Unknown,0.75910985
Unknown,0.42356485
Unknown,0.53432924
Unknown,0.78976107
Unknown,0.99542505
Unknown,0.9999356
Unknown,0.96120423
Unknown,0.4410126
Unknown,0.6010623
Unknown,0.46722105
Unknown,0.4594462
Unknown,0.695276
Unknown,0.9996772
Unknown,0.9999628
Unknown,0.8242695
Unknown,0.9980094
Unknown,0.98013455
Unknown,0.99870837
Unknown,0.9136452
Unknown,0.5181378
Unknown,0.996772
Unknown,0.44609866
Unknown,0.89602417
Unknown,0.9991449
Unknown,0.97338253
Unknown,0.8857779
Unknown,0.97173655
Unknown,0.99185115
Unknown,0.53309274
Unknown,0.81302434
Unknown,1.0
Unknown,0.990892
Unknown,0.39366388
Unknown,0.9999156
Unknown,0.99944586
Unknown,0.86129045
Unknown,0.99974746
Unknown,0.9997192
Unknown,0.6539283
Unknown,0.9981535
Unknown,0.4498914
Unknown,0.90620226
Unknown,0.9996575
Unknown,0.47033826
Unknown,1.0
Unknown,0.6584202
Unknown,0.9948832
Unknown,0.9393009
Unknown,0.938856
Unknown,0.9853725
Unknown,0.9705573
Unknown,0.64745694
Unknown,0.9997708
Unknown,0.9438389
Unknown,0.9980988
Unknown,0.9977017
Unknown,0.99933076
Unknown,0.5195207
Unknown,0.692548
Unknown,0.7428822
Unknown,0.9422152
Unknown,0.6015387
Unknown,0.9584858
Unknown,0.9995389
Unknown,0.98709065
Unknown,0.9844087
Unknown,0.715519
Unknown,0.7805025
Unknown,0.573399
Unknown,0.37029284
Unknown,1.0
Unknown,0.9826613
Unknown,1.0
Unknown,0.3713217
Unknown,0.9996599
Unknown,0.99977237
Unknown,0.9946772
Unknown,0.9356748
Unknown,0.9999819
Unknown,0.4251146
Unknown,0.9934815
Unknown,0.999783
Unknown,0.7779673
Unknown,0.58615625
Unknown,0.5310182
Unknown,0.9996878
Unknown,0.7672514
Unknown,0.9999857
Unknown,0.80433154
Unknown,0.532369
Unknown,0.99979407
Unknown,0.9994591
Unknown,0.9999453
Unknown,0.79367346
Unknown,0.9999976
Unknown,0.9999982
Unknown,1.0
Unknown,0.9997832
Unknown,0.9999883
Unknown,0.96012914
Unknown,0.62419987
Unknown,0.99973124
Unknown,1.0
Unknown,0.9990243
Unknown,0.8358947
Unknown,0.99999535
Unknown,0.99998903
Unknown,0.53977907
Unknown,0.3544337
Unknown,0.34015486
Unknown,0.9824306
Unknown,0.5403811
Unknown,0.99999714
Unknown,0.40511987
Unknown,0.9999963
Unknown,0.9999937
Unknown,0.9999237
Unknown,1.0
Unknown,0.9999888
Unknown,0.9966323
Unknown,0.9683888
Unknown,1.0
Unknown,0.9999994
Unknown,0.9984086
Unknown,0.99556905
Unknown,0.64321667
Unknown,0.8237711
Unknown,0.34667686
Unknown,0.99998796
Unknown,0.7440933
Unknown,0.9999975
Unknown,0.49907392
Unknown,0.45997924
Unknown,0.99924767
Unknown,0.8526558
Unknown,0.79737455
Unknown,0.80835706
Unknown,0.9999863
Unknown,0.99975127
Unknown,0.68731946
Unknown,1.0
Unknown,0.935184
Unknown,0.3832336
Unknown,0.7428649
Unknown,0.9999945
Unknown,0.99984646
Unknown,0.55561644
Unknown,0.7002014
Unknown,0.89802736
Unknown,0.98899233
Unknown,0.81067026
Unknown,0.6532625
Unknown,0.99999857
Unknown,0.5550128
Unknown,0.9389751
Unknown,0.35075626
Unknown,0.8355109
Unknown,0.9999821
Unknown,0.5618767
Unknown,0.86184365
Unknown,0.9999988
Unknown,0.999998
Unknown,0.9741595
Unknown,0.8203976
Unknown,0.97834617
Unknown,0.9998691
Unknown,0.9281589
Unknown,0.9998491
Unknown,0.71321714
Unknown,0.69477504
Unknown,0.99520075
Unknown,0.8616078
Unknown,0.2771291
Unknown,0.5502529
Unknown,0.4417979
Unknown,0.7097221
Unknown,0.5099272
Unknown,0.53348106
Unknown,0.74306864
Unknown,0.8911875
Unknown,0.4024609
Unknown,0.9601654
Unknown,0.99726546
Unknown,0.9912685
Unknown,0.41821945
Unknown,0.58476746
Unknown,0.8963237
Unknown,0.6110067
Unknown,0.7385065
Unknown,0.389189
Unknown,0.9999999
Unknown,0.9999995
Unknown,0.9605167
Unknown,0.49371064
Unknown,0.85033315
Unknown,0.8561929
Unknown,0.8364936
Unknown,0.4878968
Unknown,0.68304133
Unknown,0.70705
Unknown,0.65679616
Unknown,0.95679516
Unknown,0.38939276
Unknown,0.8508809
Unknown,0.83447397
Unknown,0.9988218
Unknown,0.9991837
Unknown,0.76058865
Unknown,0.7186234
Unknown,0.95140487
Unknown,0.9763022
Unknown,0.55345994
Unknown,0.6777317
Unknown,0.73166096
Unknown,0.9726511
Unknown,0.7031279
Unknown,0.8855588
Unknown,0.99999785
Unknown,0.9128598
Unknown,0.83774453
Unknown,0.6984523
Unknown,0.7933625
Unknown,0.9245584
Unknown,0.8162946
Unknown,0.5520593
Unknown,0.4935711
Unknown,0.9999409
Unknown,1.0
Unknown,0.7697044
Unknown,0.50769377
Unknown,0.35949615
Unknown,1.0
Unknown,0.99998295
Unknown,0.56533825
Unknown,0.8525533
Unknown,0.9982931
Unknown,0.86219215
Unknown,0.5939443
Unknown,0.8031159
Unknown,0.99998593
Unknown,0.961769
Unknown,0.9986193
Unknown,0.42674008
Unknown,0.33209017
Unknown,0.49688205
Unknown,0.59322023
Unknown,0.99999416
Unknown,0.99987614
Unknown,0.9999864
Unknown,0.97229224
Unknown,0.76327187
Unknown,0.99675024
Unknown,0.97590125
Unknown,0.96297497
Unknown,0.6772122
Unknown,0.5818533
Unknown,0.99935156
Unknown,0.9973109
Unknown,0.99983346
Unknown,0.9975172
Unknown,0.842074
Unknown,0.9778064
Unknown,0.98674065
Unknown,0.91153413
Unknown,0.73984563
Unknown,0.9141592
Unknown,0.98412573
Unknown,0.9162129
Unknown,0.56131387
Unknown,0.92664003
Unknown,0.934775
Unknown,0.98704344
Unknown,0.9043073
Unknown,0.9998894
Unknown,0.6430579
Unknown,0.23668751
Unknown,0.48012453
Unknown,0.9999815
Unknown,0.3467357
Unknown,0.95841795
Unknown,0.9990646
Unknown,0.97362447
Unknown,0.9534802
Unknown,0.6690611
Unknown,0.99999714
Unknown,0.928844
Unknown,0.5167974
Unknown,0.53896767
Unknown,0.8212015
Unknown,0.9946037
Unknown,0.7345435
Unknown,0.9119057
Unknown,0.9999857
Unknown,0.995915
Unknown,0.8973705
Unknown,0.8868514
Unknown,0.9999881
Unknown,0.98904675
Unknown,0.87566173
Unknown,0.9965049
Unknown,0.9452319
Unknown,0.9467037
Unknown,0.9982072
Unknown,0.4495959
Unknown,0.8589689
Unknown,0.9970561
Unknown,1.0
Unknown,0.91448826
Unknown,0.54296273
Unknown,0.99640274
Unknown,0.9795518
Unknown,0.48705038
Unknown,0.83291477
Unknown,0.53858227
Unknown,0.99500614
Unknown,0.5912792
Unknown,0.99832386
Unknown,0.9786693
Unknown,0.8978624
Unknown,0.99464935
Unknown,0.9755796
Unknown,0.99999464
Unknown,0.7365574
Unknown,0.51118535
Unknown,0.9999969
Unknown,0.99999464
Unknown,0.5766608
Unknown,0.9869219
Unknown,0.86837107
Unknown,0.5528814
Unknown,0.99734735
Unknown,0.68440396
Unknown,0.94226325
Unknown,0.7385087
Unknown,0.4979662
Unknown,0.9999995
Unknown,0.30648535
Unknown,0.9847921
Unknown,0.9005042
Unknown,0.85578996
Unknown,0.8668124
Unknown,0.9479979
Unknown,0.93554246
Unknown,0.67793036
Unknown,0.7596775
Unknown,0.9987226
Unknown,0.9999846
Unknown,0.9920149
Unknown,1.0
Unknown,0.9996691
Unknown,0.5885947
Unknown,0.99826235
Unknown,0.99704474
Unknown,0.8497236
Unknown,0.9998123
Unknown,0.56465065
Unknown,0.9960835
Unknown,0.8724914
Unknown,0.941484
Unknown,0.54178154
Unknown,0.55765843
Unknown,0.7308082
Unknown,0.9385769
Unknown,0.5441871
Unknown,0.69310635
Unknown,0.9841813
Unknown,0.9449037
Unknown,0.85780156
Unknown,0.41820422
Unknown,0.69387835
Unknown,0.68149763
Unknown,0.99999976
Unknown,0.4137317
Unknown,0.9809544
Unknown,0.6447025
Unknown,0.8443919
Unknown,0.4890135
Unknown,0.86578393
Unknown,0.5639382
Unknown,0.9004451
Unknown,0.9994154
Unknown,0.54731303
Unknown,0.99953055
Unknown,0.70217586
Unknown,0.51271313
Unknown,0.57253784
Unknown,0.6255248
Unknown,0.7707036
Unknown,0.9791237
Unknown,0.9420585
Unknown,0.9672454
Unknown,0.9820758
Unknown,0.94714975
Unknown,0.88920116
Unknown,0.77092475
Unknown,0.695696
Unknown,0.9729399
Unknown,0.9999758
Unknown,0.9574442
Unknown,1.0
Unknown,0.45218292
Unknown,0.75501704
Unknown,0.6110223
Unknown,0.29241604
Unknown,0.9646556
Unknown,0.5988439
Unknown,0.5703571
Unknown,0.4201269
Unknown,0.31274864
Unknown,0.9915257
Unknown,0.609715
Unknown,0.5828151
Unknown,0.9989052
Unknown,0.84122753
Unknown,0.7526493
Unknown,0.9999999
Unknown,0.8940305
Unknown,0.9937423
Unknown,0.5120888
Unknown,0.66178083
Unknown,0.8258433
Unknown,0.71971387
Unknown,0.87943107
Unknown,0.5207662
Unknown,0.7248402
Unknown,0.99996245
Unknown,0.26307806
Unknown,0.99996984
Unknown,0.570935
Unknown,0.9823998
Unknown,0.99999905
Unknown,0.8142963
Unknown,0.9998047
Unknown,1.0
Unknown,0.96160924
Unknown,0.79327196
Unknown,0.71729916
Unknown,0.9442661
Unknown,0.80216163
Unknown,0.55970937
Unknown,0.8518663
Unknown,0.9465913
Unknown,0.9056819
Unknown,0.99996674
Unknown,0.34470356
Unknown,0.9835307
Unknown,0.99786997
Unknown,0.99999416
Unknown,0.34928313
Unknown,0.32930186
Unknown,0.53869635
Unknown,0.8572548
Unknown,0.85222244
Unknown,0.66978586
Unknown,0.9943604
Unknown,0.6236215
Unknown,0.5453842
Unknown,0.7780169
Unknown,0.6593852
Unknown,0.97466767
Unknown,0.877712
Unknown,0.9739352
Unknown,0.9906528
Unknown,0.31486803
Unknown,0.8902347
Unknown,0.68587667
Unknown,0.9983284
Unknown,0.9998951
Unknown,0.9842445
Unknown,0.4137562
Unknown,0.9133072
Unknown,1.0
Unknown,1.0
Unknown,0.91793305
Unknown,0.38666594
Unknown,0.9999627
Unknown,0.5398408
Unknown,0.5410018
Unknown,0.9064256
Unknown,0.99975234
Unknown,0.74272656
Unknown,0.9653931
Unknown,0.7757929
Unknown,0.92029476
Unknown,0.999236
Unknown,0.966226
Unknown,0.89941704
Unknown,0.8332254
Unknown,0.99881727
Unknown,0.9991042
Unknown,0.9959913
Unknown,1.0
Unknown,0.99999404
Unknown,0.99998415
Unknown,1.0
Unknown,0.99926025
Unknown,0.44838816
Unknown,0.9872959
Unknown,0.9995834
Unknown,0.6484141
Unknown,0.7318918
Unknown,0.533424
Unknown,0.8610539
Unknown,0.96750635
Unknown,0.99703836
Unknown,0.7925514
Unknown,0.9999976
Unknown,0.9106385
Unknown,0.7080261
Unknown,0.7522236
Unknown,0.99597424
Unknown,0.9996512
Unknown,0.9678287
Unknown,0.9998534
Unknown,0.9995098
Unknown,0.97143686
Unknown,0.7624054
Unknown,0.2448753
Unknown,0.49769688
Unknown,0.724103
Unknown,0.9785004
Unknown,0.9998248
Unknown,0.9429621
Unknown,0.8567775
Unknown,0.97653824
Unknown,0.9986166
Unknown,0.99763703
Unknown,0.9861103
Unknown,0.9999821
Unknown,0.7647395
Unknown,0.9102722
Unknown,0.9972385
Unknown,0.60359883
Unknown,0.9776293
Unknown,0.8499476
Unknown,0.5052817
Unknown,0.5009197
Unknown,0.9545439
Unknown,0.98544914
Unknown,0.923371
Unknown,0.97936374
Unknown,0.5683537
Unknown,0.39224455
Unknown,0.4493231
Unknown,0.9999999
Unknown,0.94629747
Unknown,0.9972127
Unknown,0.6426304
Unknown,0.9891234
Unknown,1.0
Unknown,0.99919623
Unknown,0.71956974
Unknown,0.9906837
Unknown,0.65390575
Unknown,0.99978095
Unknown,0.53620523
Unknown,0.99999976
Unknown,1.0
Unknown,0.99999976
Unknown,1.0
Unknown,1.0
Unknown,0.5711893
Unknown,0.47196007
Unknown,0.6369363
Unknown,1.0
Unknown,0.9999449
Unknown,1.0
Unknown,0.9870508
Unknown,0.9321065
Unknown,0.5201053
Unknown,0.6698628
Unknown,0.6697417
Unknown,0.6857801
Unknown,0.48277614
Unknown,0.8668803
Unknown,0.75472206
Unknown,0.5790897
Unknown,0.988035
Unknown,0.8340123
Unknown,0.9999182
Unknown,0.9989083
Unknown,0.5678465
Unknown,1.0
Unknown,0.39897746
Unknown,0.2734079
Unknown,1.0
Unknown,0.7241594
Unknown,0.9851763
Unknown,0.9999988
Unknown,0.8110894
Unknown,1.0
Unknown,0.97616947
Unknown,0.99837506
Unknown,0.99998474
Unknown,0.9476505
Unknown,0.99737895
Unknown,0.5114832
Unknown,0.9856667
Unknown,0.3996429
Unknown,0.9931478
Unknown,0.9976071
Unknown,0.8639031
Unknown,0.94095373
Unknown,0.99722457
Unknown,0.4267896
Unknown,0.9282306
Unknown,0.94694084
Unknown,0.9450414
Unknown,0.9989876
Unknown,0.99996173
Unknown,0.58166236
